series_id,series_uuid,series_name,start_date,end_date,ingest_date,reading_type_name,reading_type_id,unit_of_measure,unit_of_mesasure_id,value
7,7ec388ab-ef57-4cd0-8166-24bca0f9352d,winged-chital-fascinatin,2025-12-08T23:58:24.663837Z,2025-12-09T00:58:24.663837Z,2025-12-09T01:03:08.663837Z,Active Energy Import,1,kWh,1,3.9993408547063387
2,b4d8a596-2928-4ad7-b979-0355d497e87a,impossible-guppy-purple,2025-12-09T07:03:12.663837Z,2025-12-09T08:03:12.663837Z,2025-12-09T08:04:11.663837Z,Active Energy Import,1,kWh,1,4.352592849183835
1,cb345846-7a9d-4e68-ac49-ff10ea7e597c,noisy-civet-wise-wolf-ea,2025-12-09T22:52:45.663837Z,2025-12-09T23:52:45.663837Z,2025-12-09T23:54:01.663837Z,Active Energy Import,1,kWh,1,1.2331375384699172
1,cb345846-7a9d-4e68-ac49-ff10ea7e597c,noisy-civet-wise-wolf-ea,2025-12-08T16:52:45.663837Z,2025-12-08T17:52:45.663837Z,2025-12-08T17:55:42.663837Z,Active Energy Import,1,kWh,1,0.5110513825992435
18,407833b8-9e2c-4a0f-a9fa-0787b87cc227,solid-pigeon-versatile-f,2025-12-09T21:54:04.663837Z,2025-12-09T22:54:04.663837Z,2025-12-09T22:57:19.663837Z,Active Power,2,kW,2,5.545407454244312
10,6cbf975e-4fb3-4a99-8066-0a149d2c05ac,sceptical-gharial-soft-t,2025-12-09T18:45:40.663837Z,2025-12-09T19:45:40.663837Z,2025-12-09T19:48:30.663837Z,Active Energy Import,1,kWh,1,0.5796080071547893
21,f6fdc037-53d7-4d3e-b26e-487c7210c280,vague-dugong-vagabond-ge,2025-12-09T14:59:27.663837Z,2025-12-09T15:59:27.663837Z,2025-12-09T16:03:01.663837Z,Active Energy Import,1,kWh,1,4.116696997541953
17,613be624-235c-4fd2-94f0-4a1400ce1530,attentive-chicken-fresh,2025-12-08T20:55:57.663837Z,2025-12-08T21:55:57.663837Z,2025-12-08T21:58:37.663837Z,Current,4,A,4,31.853187166057126
13,35c0fc0d-02da-498c-a6b5-43f530bd6f6d,grinning-dinosaur-romant,2025-12-09T18:41:22.663837Z,2025-12-09T19:41:22.663837Z,2025-12-09T19:42:36.663837Z,Active Power,2,kW,2,3.886458311501425
19,5c53ecb7-c068-4ded-819b-d25b04a961ee,daffodil-eagle-outgoing,2025-12-10T07:38:58.663837Z,2025-12-10T08:38:58.663837Z,2025-12-10T08:40:46.663837Z,Current,4,A,4,1.7522510263649238
13,35c0fc0d-02da-498c-a6b5-43f530bd6f6d,grinning-dinosaur-romant,2025-12-08T23:41:22.663837Z,2025-12-09T00:41:22.663837Z,2025-12-09T00:45:26.663837Z,Active Power,2,kW,2,9.628932928688776
15,901c7b14-f438-4763-9a4b-839e5ae0ef47,quirky-nightingale-succe,2025-12-10T03:07:54.663837Z,2025-12-10T04:07:54.663837Z,2025-12-10T04:12:49.663837Z,Active Energy Import,1,kWh,1,2.981118861025461
5,562d78d0-9a63-4283-a55b-fe97f393afe5,imposing-ibis-thick-unic,2025-12-09T16:51:44.663837Z,2025-12-09T17:51:44.663837Z,2025-12-09T17:56:24.663837Z,Active Power,2,kW,2,6.868571469145267
7,7ec388ab-ef57-4cd0-8166-24bca0f9352d,winged-chital-fascinatin,2025-12-08T20:58:24.663837Z,2025-12-08T21:58:24.663837Z,2025-12-08T22:01:29.663837Z,Active Energy Import,1,kWh,1,1.4930632618619173
7,7ec388ab-ef57-4cd0-8166-24bca0f9352d,winged-chital-fascinatin,2025-12-08T19:58:24.663837Z,2025-12-08T20:58:24.663837Z,2025-12-08T21:02:33.663837Z,Active Energy Import,1,kWh,1,0.029480417919965363
24,cbe7b26e-e5ec-43c8-9cc3-2a2839ce2152,amazing-macaque-sturdy-d,2025-12-09T18:08:32.663837Z,2025-12-09T19:08:32.663837Z,2025-12-09T19:10:19.663837Z,Voltage,3,V,3,240.23644237634957
11,ad41d5b8-7705-43b9-a904-94c6b4dc9e5c,vehement-cuscus-dazzling,2025-12-10T11:28:34.663837Z,2025-12-10T12:28:34.663837Z,2025-12-10T12:28:57.663837Z,Active Energy Import,1,kWh,1,3.087297308013616
13,35c0fc0d-02da-498c-a6b5-43f530bd6f6d,grinning-dinosaur-romant,2025-12-09T06:41:22.663837Z,2025-12-09T07:41:22.663837Z,2025-12-09T07:44:35.663837Z,Active Power,2,kW,2,6.728283818737536
14,51d4a3f0-bdeb-45b4-8d92-c2f412fbb544,jasper-quetzal-chubby-pa,2025-12-08T18:04:16.663837Z,2025-12-08T19:04:16.663837Z,2025-12-08T19:05:58.663837Z,Active Power,2,kW,2,9.682068759363867
9,c3ec0f1e-faa7-4604-8728-02ffbd377578,enlightened-hippo-infrar,2025-12-08T22:51:48.663837Z,2025-12-08T23:51:48.663837Z,2025-12-08T23:56:21.663837Z,Current,4,A,4,23.87162962049207
24,cbe7b26e-e5ec-43c8-9cc3-2a2839ce2152,amazing-macaque-sturdy-d,2025-12-09T02:08:32.663837Z,2025-12-09T03:08:32.663837Z,2025-12-09T03:11:04.663837Z,Voltage,3,V,3,248.21254870716967
10,6cbf975e-4fb3-4a99-8066-0a149d2c05ac,sceptical-gharial-soft-t,2025-12-08T20:45:40.663837Z,2025-12-08T21:45:40.663837Z,2025-12-08T21:48:20.663837Z,Active Energy Import,1,kWh,1,3.4986684248785864
23,7ea2dc57-340e-4c75-a338-d5230c677f7e,manipulative-nautilus-ac,2025-12-09T15:08:27.663837Z,2025-12-09T16:08:27.663837Z,2025-12-09T16:08:58.663837Z,Current,4,A,4,23.340931081905598
12,6b744945-305e-450c-9bb8-55708a02b43b,delightful-numbat-therap,2025-12-08T20:19:21.663837Z,2025-12-08T21:19:21.663837Z,2025-12-08T21:20:17.663837Z,Active Energy Import,1,kWh,1,2.218392758308529
14,51d4a3f0-bdeb-45b4-8d92-c2f412fbb544,jasper-quetzal-chubby-pa,2025-12-08T21:04:16.663837Z,2025-12-08T22:04:16.663837Z,2025-12-08T22:04:31.663837Z,Active Power,2,kW,2,0.50578510662873
18,407833b8-9e2c-4a0f-a9fa-0787b87cc227,solid-pigeon-versatile-f,2025-12-08T23:54:04.663837Z,2025-12-09T00:54:04.663837Z,2025-12-09T00:56:40.663837Z,Active Power,2,kW,2,8.444283886858834
20,58f98d07-ed02-4afb-afca-285914108982,sandy-dugong-just-squirr,2025-12-09T14:31:40.663837Z,2025-12-09T15:31:40.663837Z,2025-12-09T15:33:06.663837Z,Voltage,3,V,3,248.1115758511843
3,1dc76f88-c58c-41ed-930f-80249b26f147,skilled-mouse-married-pe,2025-12-10T09:07:06.663837Z,2025-12-10T10:07:06.663837Z,2025-12-10T10:10:45.663837Z,Voltage,3,V,3,236.2949265789009
4,c8a8e73a-b416-494e-94e1-7491b26841fe,classic-swallow-hallowed,2025-12-09T11:33:57.663837Z,2025-12-09T12:33:57.663837Z,2025-12-09T12:38:32.663837Z,Active Power,2,kW,2,0.07823107152157949
20,58f98d07-ed02-4afb-afca-285914108982,sandy-dugong-just-squirr,2025-12-10T04:31:40.663837Z,2025-12-10T05:31:40.663837Z,2025-12-10T05:36:32.663837Z,Voltage,3,V,3,214.710439819627
20,58f98d07-ed02-4afb-afca-285914108982,sandy-dugong-just-squirr,2025-12-08T21:31:40.663837Z,2025-12-08T22:31:40.663837Z,2025-12-08T22:35:02.663837Z,Voltage,3,V,3,223.56146513632643
18,407833b8-9e2c-4a0f-a9fa-0787b87cc227,solid-pigeon-versatile-f,2025-12-10T04:54:04.663837Z,2025-12-10T05:54:04.663837Z,2025-12-10T05:56:02.663837Z,Active Power,2,kW,2,8.167032558555006
7,7ec388ab-ef57-4cd0-8166-24bca0f9352d,winged-chital-fascinatin,2025-12-10T00:58:24.663837Z,2025-12-10T01:58:24.663837Z,2025-12-10T02:00:20.663837Z,Active Energy Import,1,kWh,1,2.3251699171761038
11,ad41d5b8-7705-43b9-a904-94c6b4dc9e5c,vehement-cuscus-dazzling,2025-12-09T16:28:34.663837Z,2025-12-09T17:28:34.663837Z,2025-12-09T17:31:23.663837Z,Active Energy Import,1,kWh,1,4.348008416170343
3,1dc76f88-c58c-41ed-930f-80249b26f147,skilled-mouse-married-pe,2025-12-10T00:07:06.663837Z,2025-12-10T01:07:06.663837Z,2025-12-10T01:09:51.663837Z,Voltage,3,V,3,212.2866109162993
13,35c0fc0d-02da-498c-a6b5-43f530bd6f6d,grinning-dinosaur-romant,2025-12-10T04:41:22.663837Z,2025-12-10T05:41:22.663837Z,2025-12-10T05:44:35.663837Z,Active Power,2,kW,2,5.444658614821449
14,51d4a3f0-bdeb-45b4-8d92-c2f412fbb544,jasper-quetzal-chubby-pa,2025-12-09T02:04:16.663837Z,2025-12-09T03:04:16.663837Z,2025-12-09T03:06:11.663837Z,Active Power,2,kW,2,8.13052981121059
21,f6fdc037-53d7-4d3e-b26e-487c7210c280,vague-dugong-vagabond-ge,2025-12-10T05:59:27.663837Z,2025-12-10T06:59:27.663837Z,2025-12-10T07:02:07.663837Z,Active Energy Import,1,kWh,1,3.07214139154099
20,58f98d07-ed02-4afb-afca-285914108982,sandy-dugong-just-squirr,2025-12-10T05:31:40.663837Z,2025-12-10T06:31:40.663837Z,2025-12-10T06:33:58.663837Z,Voltage,3,V,3,238.16151244827304
10,6cbf975e-4fb3-4a99-8066-0a149d2c05ac,sceptical-gharial-soft-t,2025-12-10T02:45:40.663837Z,2025-12-10T03:45:40.663837Z,2025-12-10T03:50:26.663837Z,Active Energy Import,1,kWh,1,0.6550661447522327
14,51d4a3f0-bdeb-45b4-8d92-c2f412fbb544,jasper-quetzal-chubby-pa,2025-12-09T05:04:16.663837Z,2025-12-09T06:04:16.663837Z,2025-12-09T06:04:22.663837Z,Active Power,2,kW,2,2.77274845975683
5,562d78d0-9a63-4283-a55b-fe97f393afe5,imposing-ibis-thick-unic,2025-12-09T05:51:44.663837Z,2025-12-09T06:51:44.663837Z,2025-12-09T06:56:09.663837Z,Active Power,2,kW,2,3.9967838436006087
14,51d4a3f0-bdeb-45b4-8d92-c2f412fbb544,jasper-quetzal-chubby-pa,2025-12-09T21:04:16.663837Z,2025-12-09T22:04:16.663837Z,2025-12-09T22:04:36.663837Z,Active Power,2,kW,2,0.6082540749450582
17,613be624-235c-4fd2-94f0-4a1400ce1530,attentive-chicken-fresh,2025-12-09T03:55:57.663837Z,2025-12-09T04:55:57.663837Z,2025-12-09T05:00:21.663837Z,Current,4,A,4,15.379299063298596
11,ad41d5b8-7705-43b9-a904-94c6b4dc9e5c,vehement-cuscus-dazzling,2025-12-09T20:28:34.663837Z,2025-12-09T21:28:34.663837Z,2025-12-09T21:32:41.663837Z,Active Energy Import,1,kWh,1,3.526139405125013
24,cbe7b26e-e5ec-43c8-9cc3-2a2839ce2152,amazing-macaque-sturdy-d,2025-12-08T22:08:32.663837Z,2025-12-08T23:08:32.663837Z,2025-12-08T23:13:30.663837Z,Voltage,3,V,3,237.06488983130183
1,cb345846-7a9d-4e68-ac49-ff10ea7e597c,noisy-civet-wise-wolf-ea,2025-12-08T19:52:45.663837Z,2025-12-08T20:52:45.663837Z,2025-12-08T20:53:12.663837Z,Active Energy Import,1,kWh,1,3.6486589334690893
16,8f374aae-88ea-4a4f-b17a-09a28bb5edd2,xanthic-curassow-rough-p,2025-12-09T03:46:04.663837Z,2025-12-09T04:46:04.663837Z,2025-12-09T04:46:37.663837Z,Active Power,2,kW,2,0.07687085899882873
6,dc3631b9-1f85-4689-bd12-5c399dcc05d6,beryl-dormouse-rich-phea,2025-12-09T14:05:53.663837Z,2025-12-09T15:05:53.663837Z,2025-12-09T15:07:00.663837Z,Active Power,2,kW,2,4.564618254701726
12,6b744945-305e-450c-9bb8-55708a02b43b,delightful-numbat-therap,2025-12-10T07:19:21.663837Z,2025-12-10T08:19:21.663837Z,2025-12-10T08:23:11.663837Z,Active Energy Import,1,kWh,1,0.16682265622816217
25,d3b99682-d478-4d6f-9a57-ac32627e471c,charming-salmon-alluring,2025-12-09T00:56:21.663837Z,2025-12-09T01:56:21.663837Z,2025-12-09T02:00:25.663837Z,Voltage,3,V,3,220.9134832599197
10,6cbf975e-4fb3-4a99-8066-0a149d2c05ac,sceptical-gharial-soft-t,2025-12-08T16:45:40.663837Z,2025-12-08T17:45:40.663837Z,2025-12-08T17:46:21.663837Z,Active Energy Import,1,kWh,1,0.29819019756923526
13,35c0fc0d-02da-498c-a6b5-43f530bd6f6d,grinning-dinosaur-romant,2025-12-09T03:41:22.663837Z,2025-12-09T04:41:22.663837Z,2025-12-09T04:46:12.663837Z,Active Power,2,kW,2,3.657750494055664
12,6b744945-305e-450c-9bb8-55708a02b43b,delightful-numbat-therap,2025-12-08T23:19:21.663837Z,2025-12-09T00:19:21.663837Z,2025-12-09T00:19:54.663837Z,Active Energy Import,1,kWh,1,1.466838879826044
2,b4d8a596-2928-4ad7-b979-0355d497e87a,impossible-guppy-purple,2025-12-09T00:03:12.663837Z,2025-12-09T01:03:12.663837Z,2025-12-09T01:04:15.663837Z,Active Energy Import,1,kWh,1,3.408551845132874
18,407833b8-9e2c-4a0f-a9fa-0787b87cc227,solid-pigeon-versatile-f,2025-12-10T03:54:04.663837Z,2025-12-10T04:54:04.663837Z,2025-12-10T04:57:52.663837Z,Active Power,2,kW,2,0.9171356965909339
2,b4d8a596-2928-4ad7-b979-0355d497e87a,impossible-guppy-purple,2025-12-09T22:03:12.663837Z,2025-12-09T23:03:12.663837Z,2025-12-09T23:07:47.663837Z,Active Energy Import,1,kWh,1,4.362165205426287
25,d3b99682-d478-4d6f-9a57-ac32627e471c,charming-salmon-alluring,2025-12-10T12:56:21.663837Z,2025-12-10T13:56:21.663837Z,2025-12-10T13:57:42.663837Z,Voltage,3,V,3,216.5814862633102
3,1dc76f88-c58c-41ed-930f-80249b26f147,skilled-mouse-married-pe,2025-12-09T13:07:06.663837Z,2025-12-09T14:07:06.663837Z,2025-12-09T14:09:12.663837Z,Voltage,3,V,3,216.65244442415656
11,ad41d5b8-7705-43b9-a904-94c6b4dc9e5c,vehement-cuscus-dazzling,2025-12-10T08:28:34.663837Z,2025-12-10T09:28:34.663837Z,2025-12-10T09:33:12.663837Z,Active Energy Import,1,kWh,1,1.9000469876132753
14,51d4a3f0-bdeb-45b4-8d92-c2f412fbb544,jasper-quetzal-chubby-pa,2025-12-09T00:04:16.663837Z,2025-12-09T01:04:16.663837Z,2025-12-09T01:06:06.663837Z,Active Power,2,kW,2,0.686101528243559
25,d3b99682-d478-4d6f-9a57-ac32627e471c,charming-salmon-alluring,2025-12-09T11:56:21.663837Z,2025-12-09T12:56:21.663837Z,2025-12-09T13:00:30.663837Z,Voltage,3,V,3,222.9440668034033
8,715bd6f9-b0af-42e9-a5ea-d37e23e2c042,ebony-cockle-resourceful,2025-12-10T06:15:09.663837Z,2025-12-10T07:15:09.663837Z,2025-12-10T07:16:48.663837Z,Active Energy Import,1,kWh,1,0.9577048650527237
16,8f374aae-88ea-4a4f-b17a-09a28bb5edd2,xanthic-curassow-rough-p,2025-12-10T00:46:04.663837Z,2025-12-10T01:46:04.663837Z,2025-12-10T01:49:02.663837Z,Active Power,2,kW,2,2.2157205889425136
17,613be624-235c-4fd2-94f0-4a1400ce1530,attentive-chicken-fresh,2025-12-10T08:55:57.663837Z,2025-12-10T09:55:57.663837Z,2025-12-10T09:57:34.663837Z,Current,4,A,4,38.04677254384537
3,1dc76f88-c58c-41ed-930f-80249b26f147,skilled-mouse-married-pe,2025-12-10T01:07:06.663837Z,2025-12-10T02:07:06.663837Z,2025-12-10T02:11:15.663837Z,Voltage,3,V,3,230.11401531678055
14,51d4a3f0-bdeb-45b4-8d92-c2f412fbb544,jasper-quetzal-chubby-pa,2025-12-09T03:04:16.663837Z,2025-12-09T04:04:16.663837Z,2025-12-09T04:06:20.663837Z,Active Power,2,kW,2,3.2855955343223044
10,6cbf975e-4fb3-4a99-8066-0a149d2c05ac,sceptical-gharial-soft-t,2025-12-09T08:45:40.663837Z,2025-12-09T09:45:40.663837Z,2025-12-09T09:49:28.663837Z,Active Energy Import,1,kWh,1,3.1739235972704343
2,b4d8a596-2928-4ad7-b979-0355d497e87a,impossible-guppy-purple,2025-12-10T11:03:12.663837Z,2025-12-10T12:03:12.663837Z,2025-12-10T12:03:53.663837Z,Active Energy Import,1,kWh,1,2.5707805990429455
16,8f374aae-88ea-4a4f-b17a-09a28bb5edd2,xanthic-curassow-rough-p,2025-12-09T10:46:04.663837Z,2025-12-09T11:46:04.663837Z,2025-12-09T11:48:06.663837Z,Active Power,2,kW,2,5.002623465562132
11,ad41d5b8-7705-43b9-a904-94c6b4dc9e5c,vehement-cuscus-dazzling,2025-12-10T00:28:34.663837Z,2025-12-10T01:28:34.663837Z,2025-12-10T01:31:28.663837Z,Active Energy Import,1,kWh,1,4.348501566811077
1,cb345846-7a9d-4e68-ac49-ff10ea7e597c,noisy-civet-wise-wolf-ea,2025-12-10T06:52:45.663837Z,2025-12-10T07:52:45.663837Z,2025-12-10T07:56:26.663837Z,Active Energy Import,1,kWh,1,2.982045153659869
11,ad41d5b8-7705-43b9-a904-94c6b4dc9e5c,vehement-cuscus-dazzling,2025-12-09T10:28:34.663837Z,2025-12-09T11:28:34.663837Z,2025-12-09T11:28:40.663837Z,Active Energy Import,1,kWh,1,1.4141949164141332
13,35c0fc0d-02da-498c-a6b5-43f530bd6f6d,grinning-dinosaur-romant,2025-12-09T15:41:22.663837Z,2025-12-09T16:41:22.663837Z,2025-12-09T16:41:46.663837Z,Active Power,2,kW,2,3.043645843560052
6,dc3631b9-1f85-4689-bd12-5c399dcc05d6,beryl-dormouse-rich-phea,2025-12-10T05:05:53.663837Z,2025-12-10T06:05:53.663837Z,2025-12-10T06:06:39.663837Z,Active Power,2,kW,2,1.3837406151615572
16,8f374aae-88ea-4a4f-b17a-09a28bb5edd2,xanthic-curassow-rough-p,2025-12-09T09:46:04.663837Z,2025-12-09T10:46:04.663837Z,2025-12-09T10:49:23.663837Z,Active Power,2,kW,2,5.325823478674238
12,6b744945-305e-450c-9bb8-55708a02b43b,delightful-numbat-therap,2025-12-09T07:19:21.663837Z,2025-12-09T08:19:21.663837Z,2025-12-09T08:20:39.663837Z,Active Energy Import,1,kWh,1,1.1609422214757614
10,6cbf975e-4fb3-4a99-8066-0a149d2c05ac,sceptical-gharial-soft-t,2025-12-09T04:45:40.663837Z,2025-12-09T05:45:40.663837Z,2025-12-09T05:48:02.663837Z,Active Energy Import,1,kWh,1,2.881234923013734
19,5c53ecb7-c068-4ded-819b-d25b04a961ee,daffodil-eagle-outgoing,2025-12-09T10:38:58.663837Z,2025-12-09T11:38:58.663837Z,2025-12-09T11:40:16.663837Z,Current,4,A,4,11.650879511010315
25,d3b99682-d478-4d6f-9a57-ac32627e471c,charming-salmon-alluring,2025-12-09T14:56:21.663837Z,2025-12-09T15:56:21.663837Z,2025-12-09T15:58:42.663837Z,Voltage,3,V,3,248.1613929061965
18,407833b8-9e2c-4a0f-a9fa-0787b87cc227,solid-pigeon-versatile-f,2025-12-09T22:54:04.663837Z,2025-12-09T23:54:04.663837Z,2025-12-09T23:55:01.663837Z,Active Power,2,kW,2,7.114009771190007
24,cbe7b26e-e5ec-43c8-9cc3-2a2839ce2152,amazing-macaque-sturdy-d,2025-12-08T23:08:32.663837Z,2025-12-09T00:08:32.663837Z,2025-12-09T00:11:51.663837Z,Voltage,3,V,3,245.83041846160904
1,cb345846-7a9d-4e68-ac49-ff10ea7e597c,noisy-civet-wise-wolf-ea,2025-12-10T05:52:45.663837Z,2025-12-10T06:52:45.663837Z,2025-12-10T06:54:11.663837Z,Active Energy Import,1,kWh,1,3.9603968218148204
12,6b744945-305e-450c-9bb8-55708a02b43b,delightful-numbat-therap,2025-12-09T03:19:21.663837Z,2025-12-09T04:19:21.663837Z,2025-12-09T04:20:58.663837Z,Active Energy Import,1,kWh,1,0.8499182453404869
1,cb345846-7a9d-4e68-ac49-ff10ea7e597c,noisy-civet-wise-wolf-ea,2025-12-09T16:52:45.663837Z,2025-12-09T17:52:45.663837Z,2025-12-09T17:56:15.663837Z,Active Energy Import,1,kWh,1,1.3387043798785137
20,58f98d07-ed02-4afb-afca-285914108982,sandy-dugong-just-squirr,2025-12-08T16:31:40.663837Z,2025-12-08T17:31:40.663837Z,2025-12-08T17:34:11.663837Z,Voltage,3,V,3,224.27896704141455
19,5c53ecb7-c068-4ded-819b-d25b04a961ee,daffodil-eagle-outgoing,2025-12-09T20:38:58.663837Z,2025-12-09T21:38:58.663837Z,2025-12-09T21:42:14.663837Z,Current,4,A,4,10.14601044276851
15,901c7b14-f438-4763-9a4b-839e5ae0ef47,quirky-nightingale-succe,2025-12-09T15:07:54.663837Z,2025-12-09T16:07:54.663837Z,2025-12-09T16:12:44.663837Z,Active Energy Import,1,kWh,1,0.131269157267917
6,dc3631b9-1f85-4689-bd12-5c399dcc05d6,beryl-dormouse-rich-phea,2025-12-10T00:05:53.663837Z,2025-12-10T01:05:53.663837Z,2025-12-10T01:10:24.663837Z,Active Power,2,kW,2,4.845970170702668
1,cb345846-7a9d-4e68-ac49-ff10ea7e597c,noisy-civet-wise-wolf-ea,2025-12-09T11:52:45.663837Z,2025-12-09T12:52:45.663837Z,2025-12-09T12:56:04.663837Z,Active Energy Import,1,kWh,1,1.34973913392139
12,6b744945-305e-450c-9bb8-55708a02b43b,delightful-numbat-therap,2025-12-10T05:19:21.663837Z,2025-12-10T06:19:21.663837Z,2025-12-10T06:20:36.663837Z,Active Energy Import,1,kWh,1,3.1412405184344916
12,6b744945-305e-450c-9bb8-55708a02b43b,delightful-numbat-therap,2025-12-09T16:19:21.663837Z,2025-12-09T17:19:21.663837Z,2025-12-09T17:21:07.663837Z,Active Energy Import,1,kWh,1,4.996867827500896
11,ad41d5b8-7705-43b9-a904-94c6b4dc9e5c,vehement-cuscus-dazzling,2025-12-09T08:28:34.663837Z,2025-12-09T09:28:34.663837Z,2025-12-09T09:32:11.663837Z,Active Energy Import,1,kWh,1,1.6993762155714776
22,775a8f35-a841-4224-8e9b-e41791a8917b,azure-tuna-benevolent-le,2025-12-09T11:53:11.663837Z,2025-12-09T12:53:11.663837Z,2025-12-09T12:56:50.663837Z,Active Power,2,kW,2,2.4827028038118657
9,c3ec0f1e-faa7-4604-8728-02ffbd377578,enlightened-hippo-infrar,2025-12-10T11:51:48.663837Z,2025-12-10T12:51:48.663837Z,2025-12-10T12:53:34.663837Z,Current,4,A,4,17.005558644168467
23,7ea2dc57-340e-4c75-a338-d5230c677f7e,manipulative-nautilus-ac,2025-12-10T01:08:27.663837Z,2025-12-10T02:08:27.663837Z,2025-12-10T02:12:57.663837Z,Current,4,A,4,8.293668198849788
17,613be624-235c-4fd2-94f0-4a1400ce1530,attentive-chicken-fresh,2025-12-10T01:55:57.663837Z,2025-12-10T02:55:57.663837Z,2025-12-10T02:59:22.663837Z,Current,4,A,4,5.1580663308624075
16,8f374aae-88ea-4a4f-b17a-09a28bb5edd2,xanthic-curassow-rough-p,2025-12-09T17:46:04.663837Z,2025-12-09T18:46:04.663837Z,2025-12-09T18:49:36.663837Z,Active Power,2,kW,2,0.2085655902474881
15,901c7b14-f438-4763-9a4b-839e5ae0ef47,quirky-nightingale-succe,2025-12-08T22:07:54.663837Z,2025-12-08T23:07:54.663837Z,2025-12-08T23:12:01.663837Z,Active Energy Import,1,kWh,1,0.33566654068323876
22,775a8f35-a841-4224-8e9b-e41791a8917b,azure-tuna-benevolent-le,2025-12-09T02:53:11.663837Z,2025-12-09T03:53:11.663837Z,2025-12-09T03:55:59.663837Z,Active Power,2,kW,2,7.341997548045468
22,775a8f35-a841-4224-8e9b-e41791a8917b,azure-tuna-benevolent-le,2025-12-08T18:53:11.663837Z,2025-12-08T19:53:11.663837Z,2025-12-08T19:57:55.663837Z,Active Power,2,kW,2,2.896716568016058
7,7ec388ab-ef57-4cd0-8166-24bca0f9352d,winged-chital-fascinatin,2025-12-10T03:58:24.663837Z,2025-12-10T04:58:24.663837Z,2025-12-10T04:59:27.663837Z,Active Energy Import,1,kWh,1,3.888959430877163
22,775a8f35-a841-4224-8e9b-e41791a8917b,azure-tuna-benevolent-le,2025-12-08T16:53:11.663837Z,2025-12-08T17:53:11.663837Z,2025-12-08T17:58:08.663837Z,Active Power,2,kW,2,4.1658678366324615
7,7ec388ab-ef57-4cd0-8166-24bca0f9352d,winged-chital-fascinatin,2025-12-09T09:58:24.663837Z,2025-12-09T10:58:24.663837Z,2025-12-09T11:02:25.663837Z,Active Energy Import,1,kWh,1,0.9086451325671607
12,6b744945-305e-450c-9bb8-55708a02b43b,delightful-numbat-therap,2025-12-09T18:19:21.663837Z,2025-12-09T19:19:21.663837Z,2025-12-09T19:22:41.663837Z,Active Energy Import,1,kWh,1,2.8596134617536944
5,562d78d0-9a63-4283-a55b-fe97f393afe5,imposing-ibis-thick-unic,2025-12-08T17:51:44.663837Z,2025-12-08T18:51:44.663837Z,2025-12-08T18:52:01.663837Z,Active Power,2,kW,2,1.79360663418207
19,5c53ecb7-c068-4ded-819b-d25b04a961ee,daffodil-eagle-outgoing,2025-12-09T09:38:58.663837Z,2025-12-09T10:38:58.663837Z,2025-12-09T10:43:57.663837Z,Current,4,A,4,9.677525376839732
13,35c0fc0d-02da-498c-a6b5-43f530bd6f6d,grinning-dinosaur-romant,2025-12-09T02:41:22.663837Z,2025-12-09T03:41:22.663837Z,2025-12-09T03:44:50.663837Z,Active Power,2,kW,2,9.672697473000323
2,b4d8a596-2928-4ad7-b979-0355d497e87a,impossible-guppy-purple,2025-12-08T21:03:12.663837Z,2025-12-08T22:03:12.663837Z,2025-12-08T22:07:16.663837Z,Active Energy Import,1,kWh,1,2.645571725495685
18,407833b8-9e2c-4a0f-a9fa-0787b87cc227,solid-pigeon-versatile-f,2025-12-09T09:54:04.663837Z,2025-12-09T10:54:04.663837Z,2025-12-09T10:56:34.663837Z,Active Power,2,kW,2,7.52391165111486
16,8f374aae-88ea-4a4f-b17a-09a28bb5edd2,xanthic-curassow-rough-p,2025-12-10T02:46:04.663837Z,2025-12-10T03:46:04.663837Z,2025-12-10T03:47:07.663837Z,Active Power,2,kW,2,5.306048207726483
3,1dc76f88-c58c-41ed-930f-80249b26f147,skilled-mouse-married-pe,2025-12-10T04:07:06.663837Z,2025-12-10T05:07:06.663837Z,2025-12-10T05:08:46.663837Z,Voltage,3,V,3,212.74085330815169
14,51d4a3f0-bdeb-45b4-8d92-c2f412fbb544,jasper-quetzal-chubby-pa,2025-12-09T08:04:16.663837Z,2025-12-09T09:04:16.663837Z,2025-12-09T09:05:50.663837Z,Active Power,2,kW,2,1.0992634788943556
10,6cbf975e-4fb3-4a99-8066-0a149d2c05ac,sceptical-gharial-soft-t,2025-12-09T11:45:40.663837Z,2025-12-09T12:45:40.663837Z,2025-12-09T12:48:35.663837Z,Active Energy Import,1,kWh,1,1.6052912797828578
21,f6fdc037-53d7-4d3e-b26e-487c7210c280,vague-dugong-vagabond-ge,2025-12-09T08:59:27.663837Z,2025-12-09T09:59:27.663837Z,2025-12-09T09:59:45.663837Z,Active Energy Import,1,kWh,1,1.8044826222219106
10,6cbf975e-4fb3-4a99-8066-0a149d2c05ac,sceptical-gharial-soft-t,2025-12-09T09:45:40.663837Z,2025-12-09T10:45:40.663837Z,2025-12-09T10:49:56.663837Z,Active Energy Import,1,kWh,1,4.8452761803285185
4,c8a8e73a-b416-494e-94e1-7491b26841fe,classic-swallow-hallowed,2025-12-09T19:33:57.663837Z,2025-12-09T20:33:57.663837Z,2025-12-09T20:36:17.663837Z,Active Power,2,kW,2,5.054090580979872
8,715bd6f9-b0af-42e9-a5ea-d37e23e2c042,ebony-cockle-resourceful,2025-12-09T23:15:09.663837Z,2025-12-10T00:15:09.663837Z,2025-12-10T00:18:22.663837Z,Active Energy Import,1,kWh,1,2.3663024437976237
5,562d78d0-9a63-4283-a55b-fe97f393afe5,imposing-ibis-thick-unic,2025-12-09T20:51:44.663837Z,2025-12-09T21:51:44.663837Z,2025-12-09T21:52:52.663837Z,Active Power,2,kW,2,7.197542630139502
20,58f98d07-ed02-4afb-afca-285914108982,sandy-dugong-just-squirr,2025-12-09T21:31:40.663837Z,2025-12-09T22:31:40.663837Z,2025-12-09T22:34:54.663837Z,Voltage,3,V,3,224.88053513882736
22,775a8f35-a841-4224-8e9b-e41791a8917b,azure-tuna-benevolent-le,2025-12-10T02:53:11.663837Z,2025-12-10T03:53:11.663837Z,2025-12-10T03:55:31.663837Z,Active Power,2,kW,2,7.275080633593919
12,6b744945-305e-450c-9bb8-55708a02b43b,delightful-numbat-therap,2025-12-09T11:19:21.663837Z,2025-12-09T12:19:21.663837Z,2025-12-09T12:24:05.663837Z,Active Energy Import,1,kWh,1,0.7898781103589347
7,7ec388ab-ef57-4cd0-8166-24bca0f9352d,winged-chital-fascinatin,2025-12-09T17:58:24.663837Z,2025-12-09T18:58:24.663837Z,2025-12-09T19:01:28.663837Z,Active Energy Import,1,kWh,1,1.121110828598741
11,ad41d5b8-7705-43b9-a904-94c6b4dc9e5c,vehement-cuscus-dazzling,2025-12-10T07:28:34.663837Z,2025-12-10T08:28:34.663837Z,2025-12-10T08:31:27.663837Z,Active Energy Import,1,kWh,1,4.261706682829465
16,8f374aae-88ea-4a4f-b17a-09a28bb5edd2,xanthic-curassow-rough-p,2025-12-09T07:46:04.663837Z,2025-12-09T08:46:04.663837Z,2025-12-09T08:46:12.663837Z,Active Power,2,kW,2,4.973853286133268
23,7ea2dc57-340e-4c75-a338-d5230c677f7e,manipulative-nautilus-ac,2025-12-09T00:08:27.663837Z,2025-12-09T01:08:27.663837Z,2025-12-09T01:08:55.663837Z,Current,4,A,4,1.5565586498488093
24,cbe7b26e-e5ec-43c8-9cc3-2a2839ce2152,amazing-macaque-sturdy-d,2025-12-09T16:08:32.663837Z,2025-12-09T17:08:32.663837Z,2025-12-09T17:09:57.663837Z,Voltage,3,V,3,226.27629806187534
21,f6fdc037-53d7-4d3e-b26e-487c7210c280,vague-dugong-vagabond-ge,2025-12-10T00:59:27.663837Z,2025-12-10T01:59:27.663837Z,2025-12-10T02:00:56.663837Z,Active Energy Import,1,kWh,1,0.8098347977794984
1,cb345846-7a9d-4e68-ac49-ff10ea7e597c,noisy-civet-wise-wolf-ea,2025-12-08T15:52:45.663837Z,2025-12-08T16:52:45.663837Z,2025-12-08T16:54:40.663837Z,Active Energy Import,1,kWh,1,4.786065361033906
3,1dc76f88-c58c-41ed-930f-80249b26f147,skilled-mouse-married-pe,2025-12-08T21:07:06.663837Z,2025-12-08T22:07:06.663837Z,2025-12-08T22:09:15.663837Z,Voltage,3,V,3,241.38477697163015
7,7ec388ab-ef57-4cd0-8166-24bca0f9352d,winged-chital-fascinatin,2025-12-10T02:58:24.663837Z,2025-12-10T03:58:24.663837Z,2025-12-10T03:59:54.663837Z,Active Energy Import,1,kWh,1,3.0294634628015564
3,1dc76f88-c58c-41ed-930f-80249b26f147,skilled-mouse-married-pe,2025-12-10T06:07:06.663837Z,2025-12-10T07:07:06.663837Z,2025-12-10T07:09:11.663837Z,Voltage,3,V,3,226.1510220527311
13,35c0fc0d-02da-498c-a6b5-43f530bd6f6d,grinning-dinosaur-romant,2025-12-09T01:41:22.663837Z,2025-12-09T02:41:22.663837Z,2025-12-09T02:43:22.663837Z,Active Power,2,kW,2,8.601405968988217
5,562d78d0-9a63-4283-a55b-fe97f393afe5,imposing-ibis-thick-unic,2025-12-08T20:51:44.663837Z,2025-12-08T21:51:44.663837Z,2025-12-08T21:53:56.663837Z,Active Power,2,kW,2,2.6680570959447203
5,562d78d0-9a63-4283-a55b-fe97f393afe5,imposing-ibis-thick-unic,2025-12-09T08:51:44.663837Z,2025-12-09T09:51:44.663837Z,2025-12-09T09:54:02.663837Z,Active Power,2,kW,2,1.7856781617246364
23,7ea2dc57-340e-4c75-a338-d5230c677f7e,manipulative-nautilus-ac,2025-12-08T22:08:27.663837Z,2025-12-08T23:08:27.663837Z,2025-12-08T23:10:13.663837Z,Current,4,A,4,24.098518046475203
24,cbe7b26e-e5ec-43c8-9cc3-2a2839ce2152,amazing-macaque-sturdy-d,2025-12-10T07:08:32.663837Z,2025-12-10T08:08:32.663837Z,2025-12-10T08:09:31.663837Z,Voltage,3,V,3,247.13819384068069
1,cb345846-7a9d-4e68-ac49-ff10ea7e597c,noisy-civet-wise-wolf-ea,2025-12-09T10:52:45.663837Z,2025-12-09T11:52:45.663837Z,2025-12-09T11:54:55.663837Z,Active Energy Import,1,kWh,1,0.817012468809642
8,715bd6f9-b0af-42e9-a5ea-d37e23e2c042,ebony-cockle-resourceful,2025-12-10T01:15:09.663837Z,2025-12-10T02:15:09.663837Z,2025-12-10T02:19:55.663837Z,Active Energy Import,1,kWh,1,1.6539564859796507
3,1dc76f88-c58c-41ed-930f-80249b26f147,skilled-mouse-married-pe,2025-12-09T10:07:06.663837Z,2025-12-09T11:07:06.663837Z,2025-12-09T11:11:52.663837Z,Voltage,3,V,3,213.916349128064
6,dc3631b9-1f85-4689-bd12-5c399dcc05d6,beryl-dormouse-rich-phea,2025-12-10T11:05:53.663837Z,2025-12-10T12:05:53.663837Z,2025-12-10T12:09:33.663837Z,Active Power,2,kW,2,3.8947681266694123
19,5c53ecb7-c068-4ded-819b-d25b04a961ee,daffodil-eagle-outgoing,2025-12-09T21:38:58.663837Z,2025-12-09T22:38:58.663837Z,2025-12-09T22:39:11.663837Z,Current,4,A,4,14.283755060589316
1,cb345846-7a9d-4e68-ac49-ff10ea7e597c,noisy-civet-wise-wolf-ea,2025-12-10T03:52:45.663837Z,2025-12-10T04:52:45.663837Z,2025-12-10T04:53:36.663837Z,Active Energy Import,1,kWh,1,3.778910787668689
8,715bd6f9-b0af-42e9-a5ea-d37e23e2c042,ebony-cockle-resourceful,2025-12-08T19:15:09.663837Z,2025-12-08T20:15:09.663837Z,2025-12-08T20:18:49.663837Z,Active Energy Import,1,kWh,1,4.11165459045029
22,775a8f35-a841-4224-8e9b-e41791a8917b,azure-tuna-benevolent-le,2025-12-09T15:53:11.663837Z,2025-12-09T16:53:11.663837Z,2025-12-09T16:57:31.663837Z,Active Power,2,kW,2,9.959694110954167
4,c8a8e73a-b416-494e-94e1-7491b26841fe,classic-swallow-hallowed,2025-12-10T02:33:57.663837Z,2025-12-10T03:33:57.663837Z,2025-12-10T03:37:48.663837Z,Active Power,2,kW,2,5.516804211263913
22,775a8f35-a841-4224-8e9b-e41791a8917b,azure-tuna-benevolent-le,2025-12-09T05:53:11.663837Z,2025-12-09T06:53:11.663837Z,2025-12-09T06:57:39.663837Z,Active Power,2,kW,2,5.616512157483692
17,613be624-235c-4fd2-94f0-4a1400ce1530,attentive-chicken-fresh,2025-12-09T05:55:57.663837Z,2025-12-09T06:55:57.663837Z,2025-12-09T06:56:23.663837Z,Current,4,A,4,17.98934814603625
11,ad41d5b8-7705-43b9-a904-94c6b4dc9e5c,vehement-cuscus-dazzling,2025-12-09T05:28:34.663837Z,2025-12-09T06:28:34.663837Z,2025-12-09T06:32:59.663837Z,Active Energy Import,1,kWh,1,3.731462727461988
23,7ea2dc57-340e-4c75-a338-d5230c677f7e,manipulative-nautilus-ac,2025-12-08T21:08:27.663837Z,2025-12-08T22:08:27.663837Z,2025-12-08T22:11:39.663837Z,Current,4,A,4,30.198606891711755
20,58f98d07-ed02-4afb-afca-285914108982,sandy-dugong-just-squirr,2025-12-09T02:31:40.663837Z,2025-12-09T03:31:40.663837Z,2025-12-09T03:32:25.663837Z,Voltage,3,V,3,227.2242860801379
10,6cbf975e-4fb3-4a99-8066-0a149d2c05ac,sceptical-gharial-soft-t,2025-12-10T03:45:40.663837Z,2025-12-10T04:45:40.663837Z,2025-12-10T04:48:12.663837Z,Active Energy Import,1,kWh,1,2.1905804753618914
9,c3ec0f1e-faa7-4604-8728-02ffbd377578,enlightened-hippo-infrar,2025-12-09T00:51:48.663837Z,2025-12-09T01:51:48.663837Z,2025-12-09T01:54:24.663837Z,Current,4,A,4,9.099326539302188
23,7ea2dc57-340e-4c75-a338-d5230c677f7e,manipulative-nautilus-ac,2025-12-10T04:08:27.663837Z,2025-12-10T05:08:27.663837Z,2025-12-10T05:11:12.663837Z,Current,4,A,4,38.267419687861924
19,5c53ecb7-c068-4ded-819b-d25b04a961ee,daffodil-eagle-outgoing,2025-12-09T15:38:58.663837Z,2025-12-09T16:38:58.663837Z,2025-12-09T16:42:07.663837Z,Current,4,A,4,2.7071729163538416
1,cb345846-7a9d-4e68-ac49-ff10ea7e597c,noisy-civet-wise-wolf-ea,2025-12-09T15:52:45.663837Z,2025-12-09T16:52:45.663837Z,2025-12-09T16:53:06.663837Z,Active Energy Import,1,kWh,1,4.025229003856071
4,c8a8e73a-b416-494e-94e1-7491b26841fe,classic-swallow-hallowed,2025-12-09T09:33:57.663837Z,2025-12-09T10:33:57.663837Z,2025-12-09T10:35:22.663837Z,Active Power,2,kW,2,4.3818457300770985
8,715bd6f9-b0af-42e9-a5ea-d37e23e2c042,ebony-cockle-resourceful,2025-12-10T05:15:09.663837Z,2025-12-10T06:15:09.663837Z,2025-12-10T06:19:48.663837Z,Active Energy Import,1,kWh,1,4.754387801967174
23,7ea2dc57-340e-4c75-a338-d5230c677f7e,manipulative-nautilus-ac,2025-12-09T05:08:27.663837Z,2025-12-09T06:08:27.663837Z,2025-12-09T06:11:05.663837Z,Current,4,A,4,23.74898622523947
12,6b744945-305e-450c-9bb8-55708a02b43b,delightful-numbat-therap,2025-12-09T01:19:21.663837Z,2025-12-09T02:19:21.663837Z,2025-12-09T02:21:31.663837Z,Active Energy Import,1,kWh,1,2.6558315907438
19,5c53ecb7-c068-4ded-819b-d25b04a961ee,daffodil-eagle-outgoing,2025-12-09T08:38:58.663837Z,2025-12-09T09:38:58.663837Z,2025-12-09T09:39:11.663837Z,Current,4,A,4,25.278197680525697
16,8f374aae-88ea-4a4f-b17a-09a28bb5edd2,xanthic-curassow-rough-p,2025-12-10T09:46:04.663837Z,2025-12-10T10:46:04.663837Z,2025-12-10T10:50:21.663837Z,Active Power,2,kW,2,4.639530685130195
10,6cbf975e-4fb3-4a99-8066-0a149d2c05ac,sceptical-gharial-soft-t,2025-12-09T12:45:40.663837Z,2025-12-09T13:45:40.663837Z,2025-12-09T13:46:38.663837Z,Active Energy Import,1,kWh,1,4.288665472001763
23,7ea2dc57-340e-4c75-a338-d5230c677f7e,manipulative-nautilus-ac,2025-12-10T06:08:27.663837Z,2025-12-10T07:08:27.663837Z,2025-12-10T07:11:27.663837Z,Current,4,A,4,21.850928769793207
9,c3ec0f1e-faa7-4604-8728-02ffbd377578,enlightened-hippo-infrar,2025-12-09T02:51:48.663837Z,2025-12-09T03:51:48.663837Z,2025-12-09T03:56:26.663837Z,Current,4,A,4,5.063318393919265
22,775a8f35-a841-4224-8e9b-e41791a8917b,azure-tuna-benevolent-le,2025-12-09T13:53:11.663837Z,2025-12-09T14:53:11.663837Z,2025-12-09T14:58:11.663837Z,Active Power,2,kW,2,7.211284288221219
24,cbe7b26e-e5ec-43c8-9cc3-2a2839ce2152,amazing-macaque-sturdy-d,2025-12-09T03:08:32.663837Z,2025-12-09T04:08:32.663837Z,2025-12-09T04:09:17.663837Z,Voltage,3,V,3,223.85454056382466
16,8f374aae-88ea-4a4f-b17a-09a28bb5edd2,xanthic-curassow-rough-p,2025-12-09T02:46:04.663837Z,2025-12-09T03:46:04.663837Z,2025-12-09T03:49:31.663837Z,Active Power,2,kW,2,9.844456583211196
4,c8a8e73a-b416-494e-94e1-7491b26841fe,classic-swallow-hallowed,2025-12-09T23:33:57.663837Z,2025-12-10T00:33:57.663837Z,2025-12-10T00:34:24.663837Z,Active Power,2,kW,2,0.035456890877823
20,58f98d07-ed02-4afb-afca-285914108982,sandy-dugong-just-squirr,2025-12-09T01:31:40.663837Z,2025-12-09T02:31:40.663837Z,2025-12-09T02:32:27.663837Z,Voltage,3,V,3,239.08325297370544
15,901c7b14-f438-4763-9a4b-839e5ae0ef47,quirky-nightingale-succe,2025-12-09T19:07:54.663837Z,2025-12-09T20:07:54.663837Z,2025-12-09T20:10:58.663837Z,Active Energy Import,1,kWh,1,0.03052894701829345
10,6cbf975e-4fb3-4a99-8066-0a149d2c05ac,sceptical-gharial-soft-t,2025-12-08T18:45:40.663837Z,2025-12-08T19:45:40.663837Z,2025-12-08T19:50:36.663837Z,Active Energy Import,1,kWh,1,4.605962644838191
25,d3b99682-d478-4d6f-9a57-ac32627e471c,charming-salmon-alluring,2025-12-09T03:56:21.663837Z,2025-12-09T04:56:21.663837Z,2025-12-09T04:58:01.663837Z,Voltage,3,V,3,210.56336782473858
20,58f98d07-ed02-4afb-afca-285914108982,sandy-dugong-just-squirr,2025-12-08T17:31:40.663837Z,2025-12-08T18:31:40.663837Z,2025-12-08T18:32:09.663837Z,Voltage,3,V,3,244.6319310831223
15,901c7b14-f438-4763-9a4b-839e5ae0ef47,quirky-nightingale-succe,2025-12-09T04:07:54.663837Z,2025-12-09T05:07:54.663837Z,2025-12-09T05:09:01.663837Z,Active Energy Import,1,kWh,1,2.054043164610791
11,ad41d5b8-7705-43b9-a904-94c6b4dc9e5c,vehement-cuscus-dazzling,2025-12-09T09:28:34.663837Z,2025-12-09T10:28:34.663837Z,2025-12-09T10:32:58.663837Z,Active Energy Import,1,kWh,1,1.335863315334524
7,7ec388ab-ef57-4cd0-8166-24bca0f9352d,winged-chital-fascinatin,2025-12-09T12:58:24.663837Z,2025-12-09T13:58:24.663837Z,2025-12-09T14:01:21.663837Z,Active Energy Import,1,kWh,1,3.8061485394701355
14,51d4a3f0-bdeb-45b4-8d92-c2f412fbb544,jasper-quetzal-chubby-pa,2025-12-09T23:04:16.663837Z,2025-12-10T00:04:16.663837Z,2025-12-10T00:07:59.663837Z,Active Power,2,kW,2,6.860974960622327
12,6b744945-305e-450c-9bb8-55708a02b43b,delightful-numbat-therap,2025-12-09T06:19:21.663837Z,2025-12-09T07:19:21.663837Z,2025-12-09T07:21:29.663837Z,Active Energy Import,1,kWh,1,2.4883362618397555
14,51d4a3f0-bdeb-45b4-8d92-c2f412fbb544,jasper-quetzal-chubby-pa,2025-12-10T01:04:16.663837Z,2025-12-10T02:04:16.663837Z,2025-12-10T02:08:08.663837Z,Active Power,2,kW,2,0.734907157664505
4,c8a8e73a-b416-494e-94e1-7491b26841fe,classic-swallow-hallowed,2025-12-10T04:33:57.663837Z,2025-12-10T05:33:57.663837Z,2025-12-10T05:34:59.663837Z,Active Power,2,kW,2,0.7524386007376704
24,cbe7b26e-e5ec-43c8-9cc3-2a2839ce2152,amazing-macaque-sturdy-d,2025-12-09T00:08:32.663837Z,2025-12-09T01:08:32.663837Z,2025-12-09T01:11:59.663837Z,Voltage,3,V,3,242.7350984052225
25,d3b99682-d478-4d6f-9a57-ac32627e471c,charming-salmon-alluring,2025-12-09T12:56:21.663837Z,2025-12-09T13:56:21.663837Z,2025-12-09T13:58:33.663837Z,Voltage,3,V,3,210.27320482158223
21,f6fdc037-53d7-4d3e-b26e-487c7210c280,vague-dugong-vagabond-ge,2025-12-10T10:59:27.663837Z,2025-12-10T11:59:27.663837Z,2025-12-10T12:04:20.663837Z,Active Energy Import,1,kWh,1,0.20597151760892052
6,dc3631b9-1f85-4689-bd12-5c399dcc05d6,beryl-dormouse-rich-phea,2025-12-09T03:05:53.663837Z,2025-12-09T04:05:53.663837Z,2025-12-09T04:07:13.663837Z,Active Power,2,kW,2,0.24425387726826342
9,c3ec0f1e-faa7-4604-8728-02ffbd377578,enlightened-hippo-infrar,2025-12-09T12:51:48.663837Z,2025-12-09T13:51:48.663837Z,2025-12-09T13:52:26.663837Z,Current,4,A,4,16.02829769007759
10,6cbf975e-4fb3-4a99-8066-0a149d2c05ac,sceptical-gharial-soft-t,2025-12-10T06:45:40.663837Z,2025-12-10T07:45:40.663837Z,2025-12-10T07:48:24.663837Z,Active Energy Import,1,kWh,1,2.7541950350133497
2,b4d8a596-2928-4ad7-b979-0355d497e87a,impossible-guppy-purple,2025-12-09T23:03:12.663837Z,2025-12-10T00:03:12.663837Z,2025-12-10T00:06:53.663837Z,Active Energy Import,1,kWh,1,4.821814530037276
24,cbe7b26e-e5ec-43c8-9cc3-2a2839ce2152,amazing-macaque-sturdy-d,2025-12-09T05:08:32.663837Z,2025-12-09T06:08:32.663837Z,2025-12-09T06:12:42.663837Z,Voltage,3,V,3,218.5594723230803
16,8f374aae-88ea-4a4f-b17a-09a28bb5edd2,xanthic-curassow-rough-p,2025-12-09T11:46:04.663837Z,2025-12-09T12:46:04.663837Z,2025-12-09T12:49:10.663837Z,Active Power,2,kW,2,0.7207549659215784
22,775a8f35-a841-4224-8e9b-e41791a8917b,azure-tuna-benevolent-le,2025-12-09T08:53:11.663837Z,2025-12-09T09:53:11.663837Z,2025-12-09T09:55:22.663837Z,Active Power,2,kW,2,1.408776350081835
2,b4d8a596-2928-4ad7-b979-0355d497e87a,impossible-guppy-purple,2025-12-09T19:03:12.663837Z,2025-12-09T20:03:12.663837Z,2025-12-09T20:07:49.663837Z,Active Energy Import,1,kWh,1,3.8291721465349386
17,613be624-235c-4fd2-94f0-4a1400ce1530,attentive-chicken-fresh,2025-12-10T05:55:57.663837Z,2025-12-10T06:55:57.663837Z,2025-12-10T07:00:31.663837Z,Current,4,A,4,3.7381186026408697
24,cbe7b26e-e5ec-43c8-9cc3-2a2839ce2152,amazing-macaque-sturdy-d,2025-12-09T07:08:32.663837Z,2025-12-09T08:08:32.663837Z,2025-12-09T08:13:24.663837Z,Voltage,3,V,3,237.84685202587292
17,613be624-235c-4fd2-94f0-4a1400ce1530,attentive-chicken-fresh,2025-12-09T04:55:57.663837Z,2025-12-09T05:55:57.663837Z,2025-12-09T06:00:45.663837Z,Current,4,A,4,38.16925906891161
3,1dc76f88-c58c-41ed-930f-80249b26f147,skilled-mouse-married-pe,2025-12-09T22:07:06.663837Z,2025-12-09T23:07:06.663837Z,2025-12-09T23:07:40.663837Z,Voltage,3,V,3,233.16721163265026
24,cbe7b26e-e5ec-43c8-9cc3-2a2839ce2152,amazing-macaque-sturdy-d,2025-12-09T06:08:32.663837Z,2025-12-09T07:08:32.663837Z,2025-12-09T07:13:12.663837Z,Voltage,3,V,3,220.84530887991903
11,ad41d5b8-7705-43b9-a904-94c6b4dc9e5c,vehement-cuscus-dazzling,2025-12-09T06:28:34.663837Z,2025-12-09T07:28:34.663837Z,2025-12-09T07:29:48.663837Z,Active Energy Import,1,kWh,1,4.320134672142941
3,1dc76f88-c58c-41ed-930f-80249b26f147,skilled-mouse-married-pe,2025-12-10T02:07:06.663837Z,2025-12-10T03:07:06.663837Z,2025-12-10T03:11:42.663837Z,Voltage,3,V,3,216.29730911757932
11,ad41d5b8-7705-43b9-a904-94c6b4dc9e5c,vehement-cuscus-dazzling,2025-12-08T23:28:34.663837Z,2025-12-09T00:28:34.663837Z,2025-12-09T00:29:57.663837Z,Active Energy Import,1,kWh,1,2.4918775235359765
21,f6fdc037-53d7-4d3e-b26e-487c7210c280,vague-dugong-vagabond-ge,2025-12-09T13:59:27.663837Z,2025-12-09T14:59:27.663837Z,2025-12-09T15:03:37.663837Z,Active Energy Import,1,kWh,1,2.6284782741515005
1,cb345846-7a9d-4e68-ac49-ff10ea7e597c,noisy-civet-wise-wolf-ea,2025-12-09T01:52:45.663837Z,2025-12-09T02:52:45.663837Z,2025-12-09T02:54:46.663837Z,Active Energy Import,1,kWh,1,3.8653417039434594
11,ad41d5b8-7705-43b9-a904-94c6b4dc9e5c,vehement-cuscus-dazzling,2025-12-09T12:28:34.663837Z,2025-12-09T13:28:34.663837Z,2025-12-09T13:32:49.663837Z,Active Energy Import,1,kWh,1,4.326302973501213
24,cbe7b26e-e5ec-43c8-9cc3-2a2839ce2152,amazing-macaque-sturdy-d,2025-12-09T22:08:32.663837Z,2025-12-09T23:08:32.663837Z,2025-12-09T23:10:35.663837Z,Voltage,3,V,3,231.4060910757442
8,715bd6f9-b0af-42e9-a5ea-d37e23e2c042,ebony-cockle-resourceful,2025-12-09T11:15:09.663837Z,2025-12-09T12:15:09.663837Z,2025-12-09T12:16:47.663837Z,Active Energy Import,1,kWh,1,2.4377496619567216
4,c8a8e73a-b416-494e-94e1-7491b26841fe,classic-swallow-hallowed,2025-12-09T17:33:57.663837Z,2025-12-09T18:33:57.663837Z,2025-12-09T18:35:49.663837Z,Active Power,2,kW,2,7.176121871387979
8,715bd6f9-b0af-42e9-a5ea-d37e23e2c042,ebony-cockle-resourceful,2025-12-09T02:15:09.663837Z,2025-12-09T03:15:09.663837Z,2025-12-09T03:19:49.663837Z,Active Energy Import,1,kWh,1,3.873207251857873
8,715bd6f9-b0af-42e9-a5ea-d37e23e2c042,ebony-cockle-resourceful,2025-12-08T15:15:09.663837Z,2025-12-08T16:15:09.663837Z,2025-12-08T16:20:03.663837Z,Active Energy Import,1,kWh,1,3.9131767318050983
1,cb345846-7a9d-4e68-ac49-ff10ea7e597c,noisy-civet-wise-wolf-ea,2025-12-09T20:52:45.663837Z,2025-12-09T21:52:45.663837Z,2025-12-09T21:57:05.663837Z,Active Energy Import,1,kWh,1,1.9781595053033212
22,775a8f35-a841-4224-8e9b-e41791a8917b,azure-tuna-benevolent-le,2025-12-09T01:53:11.663837Z,2025-12-09T02:53:11.663837Z,2025-12-09T02:55:56.663837Z,Active Power,2,kW,2,8.614850768324947
1,cb345846-7a9d-4e68-ac49-ff10ea7e597c,noisy-civet-wise-wolf-ea,2025-12-09T19:52:45.663837Z,2025-12-09T20:52:45.663837Z,2025-12-09T20:55:31.663837Z,Active Energy Import,1,kWh,1,1.063132720270703
24,cbe7b26e-e5ec-43c8-9cc3-2a2839ce2152,amazing-macaque-sturdy-d,2025-12-08T18:08:32.663837Z,2025-12-08T19:08:32.663837Z,2025-12-08T19:10:23.663837Z,Voltage,3,V,3,237.6095964625443
23,7ea2dc57-340e-4c75-a338-d5230c677f7e,manipulative-nautilus-ac,2025-12-10T08:08:27.663837Z,2025-12-10T09:08:27.663837Z,2025-12-10T09:10:10.663837Z,Current,4,A,4,38.29349584773753
22,775a8f35-a841-4224-8e9b-e41791a8917b,azure-tuna-benevolent-le,2025-12-09T03:53:11.663837Z,2025-12-09T04:53:11.663837Z,2025-12-09T04:56:12.663837Z,Active Power,2,kW,2,9.753741279148802
19,5c53ecb7-c068-4ded-819b-d25b04a961ee,daffodil-eagle-outgoing,2025-12-09T05:38:58.663837Z,2025-12-09T06:38:58.663837Z,2025-12-09T06:42:37.663837Z,Current,4,A,4,25.558069286912414
5,562d78d0-9a63-4283-a55b-fe97f393afe5,imposing-ibis-thick-unic,2025-12-10T04:51:44.663837Z,2025-12-10T05:51:44.663837Z,2025-12-10T05:51:49.663837Z,Active Power,2,kW,2,3.0387494926835377
21,f6fdc037-53d7-4d3e-b26e-487c7210c280,vague-dugong-vagabond-ge,2025-12-10T07:59:27.663837Z,2025-12-10T08:59:27.663837Z,2025-12-10T09:00:58.663837Z,Active Energy Import,1,kWh,1,2.959042226583026
25,d3b99682-d478-4d6f-9a57-ac32627e471c,charming-salmon-alluring,2025-12-09T06:56:21.663837Z,2025-12-09T07:56:21.663837Z,2025-12-09T07:58:04.663837Z,Voltage,3,V,3,217.01979655353858
3,1dc76f88-c58c-41ed-930f-80249b26f147,skilled-mouse-married-pe,2025-12-10T07:07:06.663837Z,2025-12-10T08:07:06.663837Z,2025-12-10T08:12:02.663837Z,Voltage,3,V,3,219.848613911545
12,6b744945-305e-450c-9bb8-55708a02b43b,delightful-numbat-therap,2025-12-10T04:19:21.663837Z,2025-12-10T05:19:21.663837Z,2025-12-10T05:21:03.663837Z,Active Energy Import,1,kWh,1,3.1044558156515207
16,8f374aae-88ea-4a4f-b17a-09a28bb5edd2,xanthic-curassow-rough-p,2025-12-09T20:46:04.663837Z,2025-12-09T21:46:04.663837Z,2025-12-09T21:49:14.663837Z,Active Power,2,kW,2,0.8812988129788468
2,b4d8a596-2928-4ad7-b979-0355d497e87a,impossible-guppy-purple,2025-12-10T05:03:12.663837Z,2025-12-10T06:03:12.663837Z,2025-12-10T06:05:23.663837Z,Active Energy Import,1,kWh,1,1.1234866851577867
21,f6fdc037-53d7-4d3e-b26e-487c7210c280,vague-dugong-vagabond-ge,2025-12-08T23:59:27.663837Z,2025-12-09T00:59:27.663837Z,2025-12-09T01:03:19.663837Z,Active Energy Import,1,kWh,1,4.986312020115209
24,cbe7b26e-e5ec-43c8-9cc3-2a2839ce2152,amazing-macaque-sturdy-d,2025-12-09T12:08:32.663837Z,2025-12-09T13:08:32.663837Z,2025-12-09T13:12:08.663837Z,Voltage,3,V,3,223.21174493949354
7,7ec388ab-ef57-4cd0-8166-24bca0f9352d,winged-chital-fascinatin,2025-12-09T23:58:24.663837Z,2025-12-10T00:58:24.663837Z,2025-12-10T00:59:27.663837Z,Active Energy Import,1,kWh,1,2.8198479096500955
1,cb345846-7a9d-4e68-ac49-ff10ea7e597c,noisy-civet-wise-wolf-ea,2025-12-08T23:52:45.663837Z,2025-12-09T00:52:45.663837Z,2025-12-09T00:55:55.663837Z,Active Energy Import,1,kWh,1,2.88676072628381
20,58f98d07-ed02-4afb-afca-285914108982,sandy-dugong-just-squirr,2025-12-09T13:31:40.663837Z,2025-12-09T14:31:40.663837Z,2025-12-09T14:35:12.663837Z,Voltage,3,V,3,224.5324452260393
25,d3b99682-d478-4d6f-9a57-ac32627e471c,charming-salmon-alluring,2025-12-10T03:56:21.663837Z,2025-12-10T04:56:21.663837Z,2025-12-10T05:01:07.663837Z,Voltage,3,V,3,246.51187553132416
25,d3b99682-d478-4d6f-9a57-ac32627e471c,charming-salmon-alluring,2025-12-09T08:56:21.663837Z,2025-12-09T09:56:21.663837Z,2025-12-09T10:00:49.663837Z,Voltage,3,V,3,223.11706634960703
12,6b744945-305e-450c-9bb8-55708a02b43b,delightful-numbat-therap,2025-12-09T22:19:21.663837Z,2025-12-09T23:19:21.663837Z,2025-12-09T23:24:15.663837Z,Active Energy Import,1,kWh,1,4.32533698848633
1,cb345846-7a9d-4e68-ac49-ff10ea7e597c,noisy-civet-wise-wolf-ea,2025-12-08T22:52:45.663837Z,2025-12-08T23:52:45.663837Z,2025-12-08T23:55:20.663837Z,Active Energy Import,1,kWh,1,4.1470233212649745
4,c8a8e73a-b416-494e-94e1-7491b26841fe,classic-swallow-hallowed,2025-12-09T22:33:57.663837Z,2025-12-09T23:33:57.663837Z,2025-12-09T23:37:38.663837Z,Active Power,2,kW,2,8.293480893722192
1,cb345846-7a9d-4e68-ac49-ff10ea7e597c,noisy-civet-wise-wolf-ea,2025-12-09T12:52:45.663837Z,2025-12-09T13:52:45.663837Z,2025-12-09T13:57:35.663837Z,Active Energy Import,1,kWh,1,1.0980758698513449
2,b4d8a596-2928-4ad7-b979-0355d497e87a,impossible-guppy-purple,2025-12-08T22:03:12.663837Z,2025-12-08T23:03:12.663837Z,2025-12-08T23:08:00.663837Z,Active Energy Import,1,kWh,1,4.30389851117249
22,775a8f35-a841-4224-8e9b-e41791a8917b,azure-tuna-benevolent-le,2025-12-09T14:53:11.663837Z,2025-12-09T15:53:11.663837Z,2025-12-09T15:54:53.663837Z,Active Power,2,kW,2,7.631213751386285
13,35c0fc0d-02da-498c-a6b5-43f530bd6f6d,grinning-dinosaur-romant,2025-12-09T16:41:22.663837Z,2025-12-09T17:41:22.663837Z,2025-12-09T17:45:39.663837Z,Active Power,2,kW,2,1.161204807251095
6,dc3631b9-1f85-4689-bd12-5c399dcc05d6,beryl-dormouse-rich-phea,2025-12-09T12:05:53.663837Z,2025-12-09T13:05:53.663837Z,2025-12-09T13:10:23.663837Z,Active Power,2,kW,2,4.645498845742521
10,6cbf975e-4fb3-4a99-8066-0a149d2c05ac,sceptical-gharial-soft-t,2025-12-09T23:45:40.663837Z,2025-12-10T00:45:40.663837Z,2025-12-10T00:48:50.663837Z,Active Energy Import,1,kWh,1,3.1131693630085566
3,1dc76f88-c58c-41ed-930f-80249b26f147,skilled-mouse-married-pe,2025-12-09T20:07:06.663837Z,2025-12-09T21:07:06.663837Z,2025-12-09T21:11:20.663837Z,Voltage,3,V,3,216.19187301096255
4,c8a8e73a-b416-494e-94e1-7491b26841fe,classic-swallow-hallowed,2025-12-09T03:33:57.663837Z,2025-12-09T04:33:57.663837Z,2025-12-09T04:34:39.663837Z,Active Power,2,kW,2,0.09315456884246398
14,51d4a3f0-bdeb-45b4-8d92-c2f412fbb544,jasper-quetzal-chubby-pa,2025-12-09T09:04:16.663837Z,2025-12-09T10:04:16.663837Z,2025-12-09T10:04:34.663837Z,Active Power,2,kW,2,1.318032295618975
17,613be624-235c-4fd2-94f0-4a1400ce1530,attentive-chicken-fresh,2025-12-09T17:55:57.663837Z,2025-12-09T18:55:57.663837Z,2025-12-09T18:58:55.663837Z,Current,4,A,4,27.155908822383243
21,f6fdc037-53d7-4d3e-b26e-487c7210c280,vague-dugong-vagabond-ge,2025-12-10T06:59:27.663837Z,2025-12-10T07:59:27.663837Z,2025-12-10T08:00:19.663837Z,Active Energy Import,1,kWh,1,2.5128657237063132
5,562d78d0-9a63-4283-a55b-fe97f393afe5,imposing-ibis-thick-unic,2025-12-08T22:51:44.663837Z,2025-12-08T23:51:44.663837Z,2025-12-08T23:52:08.663837Z,Active Power,2,kW,2,8.585932513377816
20,58f98d07-ed02-4afb-afca-285914108982,sandy-dugong-just-squirr,2025-12-09T17:31:40.663837Z,2025-12-09T18:31:40.663837Z,2025-12-09T18:32:19.663837Z,Voltage,3,V,3,219.43981521681408
23,7ea2dc57-340e-4c75-a338-d5230c677f7e,manipulative-nautilus-ac,2025-12-08T19:08:27.663837Z,2025-12-08T20:08:27.663837Z,2025-12-08T20:09:21.663837Z,Current,4,A,4,15.756148509144285
24,cbe7b26e-e5ec-43c8-9cc3-2a2839ce2152,amazing-macaque-sturdy-d,2025-12-09T20:08:32.663837Z,2025-12-09T21:08:32.663837Z,2025-12-09T21:09:07.663837Z,Voltage,3,V,3,246.3174783494249
19,5c53ecb7-c068-4ded-819b-d25b04a961ee,daffodil-eagle-outgoing,2025-12-09T14:38:58.663837Z,2025-12-09T15:38:58.663837Z,2025-12-09T15:39:46.663837Z,Current,4,A,4,20.939382307128454
9,c3ec0f1e-faa7-4604-8728-02ffbd377578,enlightened-hippo-infrar,2025-12-09T18:51:48.663837Z,2025-12-09T19:51:48.663837Z,2025-12-09T19:55:26.663837Z,Current,4,A,4,24.252706049718512
13,35c0fc0d-02da-498c-a6b5-43f530bd6f6d,grinning-dinosaur-romant,2025-12-08T16:41:22.663837Z,2025-12-08T17:41:22.663837Z,2025-12-08T17:42:34.663837Z,Active Power,2,kW,2,7.865128110305052
22,775a8f35-a841-4224-8e9b-e41791a8917b,azure-tuna-benevolent-le,2025-12-09T04:53:11.663837Z,2025-12-09T05:53:11.663837Z,2025-12-09T05:54:22.663837Z,Active Power,2,kW,2,7.606649947951748
16,8f374aae-88ea-4a4f-b17a-09a28bb5edd2,xanthic-curassow-rough-p,2025-12-10T10:46:04.663837Z,2025-12-10T11:46:04.663837Z,2025-12-10T11:50:57.663837Z,Active Power,2,kW,2,7.598771496077484
9,c3ec0f1e-faa7-4604-8728-02ffbd377578,enlightened-hippo-infrar,2025-12-09T19:51:48.663837Z,2025-12-09T20:51:48.663837Z,2025-12-09T20:53:48.663837Z,Current,4,A,4,31.02774158792869
14,51d4a3f0-bdeb-45b4-8d92-c2f412fbb544,jasper-quetzal-chubby-pa,2025-12-09T12:04:16.663837Z,2025-12-09T13:04:16.663837Z,2025-12-09T13:04:29.663837Z,Active Power,2,kW,2,1.742462014061772
21,f6fdc037-53d7-4d3e-b26e-487c7210c280,vague-dugong-vagabond-ge,2025-12-09T04:59:27.663837Z,2025-12-09T05:59:27.663837Z,2025-12-09T06:01:01.663837Z,Active Energy Import,1,kWh,1,3.9684819192250136
1,cb345846-7a9d-4e68-ac49-ff10ea7e597c,noisy-civet-wise-wolf-ea,2025-12-09T18:52:45.663837Z,2025-12-09T19:52:45.663837Z,2025-12-09T19:57:40.663837Z,Active Energy Import,1,kWh,1,4.381838132363344
8,715bd6f9-b0af-42e9-a5ea-d37e23e2c042,ebony-cockle-resourceful,2025-12-09T22:15:09.663837Z,2025-12-09T23:15:09.663837Z,2025-12-09T23:17:18.663837Z,Active Energy Import,1,kWh,1,1.531030150650442
5,562d78d0-9a63-4283-a55b-fe97f393afe5,imposing-ibis-thick-unic,2025-12-08T16:51:44.663837Z,2025-12-08T17:51:44.663837Z,2025-12-08T17:53:19.663837Z,Active Power,2,kW,2,8.814162046633244
10,6cbf975e-4fb3-4a99-8066-0a149d2c05ac,sceptical-gharial-soft-t,2025-12-09T05:45:40.663837Z,2025-12-09T06:45:40.663837Z,2025-12-09T06:47:14.663837Z,Active Energy Import,1,kWh,1,2.3525041162581677
21,f6fdc037-53d7-4d3e-b26e-487c7210c280,vague-dugong-vagabond-ge,2025-12-09T02:59:27.663837Z,2025-12-09T03:59:27.663837Z,2025-12-09T04:02:00.663837Z,Active Energy Import,1,kWh,1,4.456658411769444
16,8f374aae-88ea-4a4f-b17a-09a28bb5edd2,xanthic-curassow-rough-p,2025-12-08T22:46:04.663837Z,2025-12-08T23:46:04.663837Z,2025-12-08T23:50:31.663837Z,Active Power,2,kW,2,1.1381750811020175
8,715bd6f9-b0af-42e9-a5ea-d37e23e2c042,ebony-cockle-resourceful,2025-12-09T03:15:09.663837Z,2025-12-09T04:15:09.663837Z,2025-12-09T04:19:12.663837Z,Active Energy Import,1,kWh,1,2.1778724650194716
24,cbe7b26e-e5ec-43c8-9cc3-2a2839ce2152,amazing-macaque-sturdy-d,2025-12-09T14:08:32.663837Z,2025-12-09T15:08:32.663837Z,2025-12-09T15:09:47.663837Z,Voltage,3,V,3,210.2072578562852
8,715bd6f9-b0af-42e9-a5ea-d37e23e2c042,ebony-cockle-resourceful,2025-12-08T18:15:09.663837Z,2025-12-08T19:15:09.663837Z,2025-12-08T19:18:08.663837Z,Active Energy Import,1,kWh,1,0.06326075082926541
17,613be624-235c-4fd2-94f0-4a1400ce1530,attentive-chicken-fresh,2025-12-08T18:55:57.663837Z,2025-12-08T19:55:57.663837Z,2025-12-08T19:58:43.663837Z,Current,4,A,4,6.038296055723076
8,715bd6f9-b0af-42e9-a5ea-d37e23e2c042,ebony-cockle-resourceful,2025-12-09T10:15:09.663837Z,2025-12-09T11:15:09.663837Z,2025-12-09T11:19:27.663837Z,Active Energy Import,1,kWh,1,4.254764181562296
25,d3b99682-d478-4d6f-9a57-ac32627e471c,charming-salmon-alluring,2025-12-10T05:56:21.663837Z,2025-12-10T06:56:21.663837Z,2025-12-10T06:58:17.663837Z,Voltage,3,V,3,240.47438479884428
17,613be624-235c-4fd2-94f0-4a1400ce1530,attentive-chicken-fresh,2025-12-09T06:55:57.663837Z,2025-12-09T07:55:57.663837Z,2025-12-09T08:00:54.663837Z,Current,4,A,4,26.073498185944395
24,cbe7b26e-e5ec-43c8-9cc3-2a2839ce2152,amazing-macaque-sturdy-d,2025-12-10T08:08:32.663837Z,2025-12-10T09:08:32.663837Z,2025-12-10T09:11:28.663837Z,Voltage,3,V,3,221.38246609400184
15,901c7b14-f438-4763-9a4b-839e5ae0ef47,quirky-nightingale-succe,2025-12-10T02:07:54.663837Z,2025-12-10T03:07:54.663837Z,2025-12-10T03:10:45.663837Z,Active Energy Import,1,kWh,1,3.884178099833705
19,5c53ecb7-c068-4ded-819b-d25b04a961ee,daffodil-eagle-outgoing,2025-12-10T06:38:58.663837Z,2025-12-10T07:38:58.663837Z,2025-12-10T07:42:57.663837Z,Current,4,A,4,1.4793516079910285
10,6cbf975e-4fb3-4a99-8066-0a149d2c05ac,sceptical-gharial-soft-t,2025-12-09T06:45:40.663837Z,2025-12-09T07:45:40.663837Z,2025-12-09T07:49:31.663837Z,Active Energy Import,1,kWh,1,4.580363939633838
9,c3ec0f1e-faa7-4604-8728-02ffbd377578,enlightened-hippo-infrar,2025-12-10T04:51:48.663837Z,2025-12-10T05:51:48.663837Z,2025-12-10T05:56:35.663837Z,Current,4,A,4,3.002594756046717
19,5c53ecb7-c068-4ded-819b-d25b04a961ee,daffodil-eagle-outgoing,2025-12-10T01:38:58.663837Z,2025-12-10T02:38:58.663837Z,2025-12-10T02:42:03.663837Z,Current,4,A,4,21.84054980830766
25,d3b99682-d478-4d6f-9a57-ac32627e471c,charming-salmon-alluring,2025-12-08T23:56:21.663837Z,2025-12-09T00:56:21.663837Z,2025-12-09T00:57:34.663837Z,Voltage,3,V,3,244.04238954311987
10,6cbf975e-4fb3-4a99-8066-0a149d2c05ac,sceptical-gharial-soft-t,2025-12-09T02:45:40.663837Z,2025-12-09T03:45:40.663837Z,2025-12-09T03:50:39.663837Z,Active Energy Import,1,kWh,1,2.935614658548917
19,5c53ecb7-c068-4ded-819b-d25b04a961ee,daffodil-eagle-outgoing,2025-12-08T23:38:58.663837Z,2025-12-09T00:38:58.663837Z,2025-12-09T00:39:05.663837Z,Current,4,A,4,36.23429956413083
4,c8a8e73a-b416-494e-94e1-7491b26841fe,classic-swallow-hallowed,2025-12-09T00:33:57.663837Z,2025-12-09T01:33:57.663837Z,2025-12-09T01:36:42.663837Z,Active Power,2,kW,2,2.38685952615846
25,d3b99682-d478-4d6f-9a57-ac32627e471c,charming-salmon-alluring,2025-12-10T13:56:21.663837Z,2025-12-10T14:56:21.663837Z,2025-12-10T15:00:52.663837Z,Voltage,3,V,3,227.67362210638524
8,715bd6f9-b0af-42e9-a5ea-d37e23e2c042,ebony-cockle-resourceful,2025-12-09T01:15:09.663837Z,2025-12-09T02:15:09.663837Z,2025-12-09T02:17:32.663837Z,Active Energy Import,1,kWh,1,3.0795617702677553
23,7ea2dc57-340e-4c75-a338-d5230c677f7e,manipulative-nautilus-ac,2025-12-08T23:08:27.663837Z,2025-12-09T00:08:27.663837Z,2025-12-09T00:11:57.663837Z,Current,4,A,4,20.003116142825753
13,35c0fc0d-02da-498c-a6b5-43f530bd6f6d,grinning-dinosaur-romant,2025-12-08T15:41:22.663837Z,2025-12-08T16:41:22.663837Z,2025-12-08T16:44:59.663837Z,Active Power,2,kW,2,1.7564007044430663
17,613be624-235c-4fd2-94f0-4a1400ce1530,attentive-chicken-fresh,2025-12-09T08:55:57.663837Z,2025-12-09T09:55:57.663837Z,2025-12-09T10:00:18.663837Z,Current,4,A,4,6.034443067825541
3,1dc76f88-c58c-41ed-930f-80249b26f147,skilled-mouse-married-pe,2025-12-09T02:07:06.663837Z,2025-12-09T03:07:06.663837Z,2025-12-09T03:07:38.663837Z,Voltage,3,V,3,236.93458189173205
20,58f98d07-ed02-4afb-afca-285914108982,sandy-dugong-just-squirr,2025-12-09T07:31:40.663837Z,2025-12-09T08:31:40.663837Z,2025-12-09T08:35:23.663837Z,Voltage,3,V,3,216.66579088263654
5,562d78d0-9a63-4283-a55b-fe97f393afe5,imposing-ibis-thick-unic,2025-12-09T11:51:44.663837Z,2025-12-09T12:51:44.663837Z,2025-12-09T12:54:29.663837Z,Active Power,2,kW,2,4.36393883870608
9,c3ec0f1e-faa7-4604-8728-02ffbd377578,enlightened-hippo-infrar,2025-12-09T20:51:48.663837Z,2025-12-09T21:51:48.663837Z,2025-12-09T21:55:07.663837Z,Current,4,A,4,18.02057859555017
10,6cbf975e-4fb3-4a99-8066-0a149d2c05ac,sceptical-gharial-soft-t,2025-12-09T01:45:40.663837Z,2025-12-09T02:45:40.663837Z,2025-12-09T02:45:58.663837Z,Active Energy Import,1,kWh,1,0.456634433154926
11,ad41d5b8-7705-43b9-a904-94c6b4dc9e5c,vehement-cuscus-dazzling,2025-12-10T04:28:34.663837Z,2025-12-10T05:28:34.663837Z,2025-12-10T05:29:58.663837Z,Active Energy Import,1,kWh,1,0.3741412412185441
5,562d78d0-9a63-4283-a55b-fe97f393afe5,imposing-ibis-thick-unic,2025-12-10T05:51:44.663837Z,2025-12-10T06:51:44.663837Z,2025-12-10T06:53:36.663837Z,Active Power,2,kW,2,4.2988814998983464
18,407833b8-9e2c-4a0f-a9fa-0787b87cc227,solid-pigeon-versatile-f,2025-12-09T23:54:04.663837Z,2025-12-10T00:54:04.663837Z,2025-12-10T00:58:33.663837Z,Active Power,2,kW,2,8.511660480847787
7,7ec388ab-ef57-4cd0-8166-24bca0f9352d,winged-chital-fascinatin,2025-12-10T01:58:24.663837Z,2025-12-10T02:58:24.663837Z,2025-12-10T03:00:40.663837Z,Active Energy Import,1,kWh,1,3.834490491781204
22,775a8f35-a841-4224-8e9b-e41791a8917b,azure-tuna-benevolent-le,2025-12-10T04:53:11.663837Z,2025-12-10T05:53:11.663837Z,2025-12-10T05:56:41.663837Z,Active Power,2,kW,2,0.511576873830083
4,c8a8e73a-b416-494e-94e1-7491b26841fe,classic-swallow-hallowed,2025-12-09T12:33:57.663837Z,2025-12-09T13:33:57.663837Z,2025-12-09T13:38:45.663837Z,Active Power,2,kW,2,2.9937875219997787
16,8f374aae-88ea-4a4f-b17a-09a28bb5edd2,xanthic-curassow-rough-p,2025-12-09T18:46:04.663837Z,2025-12-09T19:46:04.663837Z,2025-12-09T19:48:55.663837Z,Active Power,2,kW,2,1.71873180578069
18,407833b8-9e2c-4a0f-a9fa-0787b87cc227,solid-pigeon-versatile-f,2025-12-09T17:54:04.663837Z,2025-12-09T18:54:04.663837Z,2025-12-09T18:57:43.663837Z,Active Power,2,kW,2,9.662681532059473
13,35c0fc0d-02da-498c-a6b5-43f530bd6f6d,grinning-dinosaur-romant,2025-12-09T11:41:22.663837Z,2025-12-09T12:41:22.663837Z,2025-12-09T12:43:20.663837Z,Active Power,2,kW,2,6.4765238063944155
14,51d4a3f0-bdeb-45b4-8d92-c2f412fbb544,jasper-quetzal-chubby-pa,2025-12-09T17:04:16.663837Z,2025-12-09T18:04:16.663837Z,2025-12-09T18:05:16.663837Z,Active Power,2,kW,2,4.520054199087522
5,562d78d0-9a63-4283-a55b-fe97f393afe5,imposing-ibis-thick-unic,2025-12-09T18:51:44.663837Z,2025-12-09T19:51:44.663837Z,2025-12-09T19:52:24.663837Z,Active Power,2,kW,2,9.488744859713144
8,715bd6f9-b0af-42e9-a5ea-d37e23e2c042,ebony-cockle-resourceful,2025-12-10T03:15:09.663837Z,2025-12-10T04:15:09.663837Z,2025-12-10T04:17:22.663837Z,Active Energy Import,1,kWh,1,1.1526902064925388
11,ad41d5b8-7705-43b9-a904-94c6b4dc9e5c,vehement-cuscus-dazzling,2025-12-08T21:28:34.663837Z,2025-12-08T22:28:34.663837Z,2025-12-08T22:29:37.663837Z,Active Energy Import,1,kWh,1,2.307239470893917
20,58f98d07-ed02-4afb-afca-285914108982,sandy-dugong-just-squirr,2025-12-09T20:31:40.663837Z,2025-12-09T21:31:40.663837Z,2025-12-09T21:33:03.663837Z,Voltage,3,V,3,237.1624822765358
8,715bd6f9-b0af-42e9-a5ea-d37e23e2c042,ebony-cockle-resourceful,2025-12-09T06:15:09.663837Z,2025-12-09T07:15:09.663837Z,2025-12-09T07:15:58.663837Z,Active Energy Import,1,kWh,1,1.394641245962351
16,8f374aae-88ea-4a4f-b17a-09a28bb5edd2,xanthic-curassow-rough-p,2025-12-10T08:46:04.663837Z,2025-12-10T09:46:04.663837Z,2025-12-10T09:46:47.663837Z,Active Power,2,kW,2,1.7714612894722914
17,613be624-235c-4fd2-94f0-4a1400ce1530,attentive-chicken-fresh,2025-12-09T19:55:57.663837Z,2025-12-09T20:55:57.663837Z,2025-12-09T20:58:53.663837Z,Current,4,A,4,2.6364741711886985
21,f6fdc037-53d7-4d3e-b26e-487c7210c280,vague-dugong-vagabond-ge,2025-12-09T16:59:27.663837Z,2025-12-09T17:59:27.663837Z,2025-12-09T18:02:14.663837Z,Active Energy Import,1,kWh,1,3.2116929469319064
18,407833b8-9e2c-4a0f-a9fa-0787b87cc227,solid-pigeon-versatile-f,2025-12-09T15:54:04.663837Z,2025-12-09T16:54:04.663837Z,2025-12-09T16:58:05.663837Z,Active Power,2,kW,2,7.69438551975576
1,cb345846-7a9d-4e68-ac49-ff10ea7e597c,noisy-civet-wise-wolf-ea,2025-12-08T17:52:45.663837Z,2025-12-08T18:52:45.663837Z,2025-12-08T18:56:04.663837Z,Active Energy Import,1,kWh,1,0.48358188416732006
5,562d78d0-9a63-4283-a55b-fe97f393afe5,imposing-ibis-thick-unic,2025-12-10T06:51:44.663837Z,2025-12-10T07:51:44.663837Z,2025-12-10T07:54:33.663837Z,Active Power,2,kW,2,4.649881902470142
6,dc3631b9-1f85-4689-bd12-5c399dcc05d6,beryl-dormouse-rich-phea,2025-12-09T16:05:53.663837Z,2025-12-09T17:05:53.663837Z,2025-12-09T17:10:44.663837Z,Active Power,2,kW,2,5.954523184694197
22,775a8f35-a841-4224-8e9b-e41791a8917b,azure-tuna-benevolent-le,2025-12-10T00:53:11.663837Z,2025-12-10T01:53:11.663837Z,2025-12-10T01:53:20.663837Z,Active Power,2,kW,2,8.471723653934678
21,f6fdc037-53d7-4d3e-b26e-487c7210c280,vague-dugong-vagabond-ge,2025-12-09T10:59:27.663837Z,2025-12-09T11:59:27.663837Z,2025-12-09T12:04:14.663837Z,Active Energy Import,1,kWh,1,0.6488561485688521
3,1dc76f88-c58c-41ed-930f-80249b26f147,skilled-mouse-married-pe,2025-12-09T15:07:06.663837Z,2025-12-09T16:07:06.663837Z,2025-12-09T16:10:36.663837Z,Voltage,3,V,3,246.09771462042195
1,cb345846-7a9d-4e68-ac49-ff10ea7e597c,noisy-civet-wise-wolf-ea,2025-12-09T05:52:45.663837Z,2025-12-09T06:52:45.663837Z,2025-12-09T06:55:56.663837Z,Active Energy Import,1,kWh,1,0.813270485780424
17,613be624-235c-4fd2-94f0-4a1400ce1530,attentive-chicken-fresh,2025-12-10T04:55:57.663837Z,2025-12-10T05:55:57.663837Z,2025-12-10T05:58:50.663837Z,Current,4,A,4,32.52739135259204
6,dc3631b9-1f85-4689-bd12-5c399dcc05d6,beryl-dormouse-rich-phea,2025-12-09T18:05:53.663837Z,2025-12-09T19:05:53.663837Z,2025-12-09T19:10:16.663837Z,Active Power,2,kW,2,4.267407568586555
17,613be624-235c-4fd2-94f0-4a1400ce1530,attentive-chicken-fresh,2025-12-09T09:55:57.663837Z,2025-12-09T10:55:57.663837Z,2025-12-09T10:56:33.663837Z,Current,4,A,4,18.02092436060365
20,58f98d07-ed02-4afb-afca-285914108982,sandy-dugong-just-squirr,2025-12-10T00:31:40.663837Z,2025-12-10T01:31:40.663837Z,2025-12-10T01:34:25.663837Z,Voltage,3,V,3,235.98242946824126
6,dc3631b9-1f85-4689-bd12-5c399dcc05d6,beryl-dormouse-rich-phea,2025-12-09T04:05:53.663837Z,2025-12-09T05:05:53.663837Z,2025-12-09T05:08:03.663837Z,Active Power,2,kW,2,9.839360227818513
3,1dc76f88-c58c-41ed-930f-80249b26f147,skilled-mouse-married-pe,2025-12-10T08:07:06.663837Z,2025-12-10T09:07:06.663837Z,2025-12-10T09:07:31.663837Z,Voltage,3,V,3,234.77526041328412
13,35c0fc0d-02da-498c-a6b5-43f530bd6f6d,grinning-dinosaur-romant,2025-12-08T22:41:22.663837Z,2025-12-08T23:41:22.663837Z,2025-12-08T23:44:20.663837Z,Active Power,2,kW,2,8.042325386045107
6,dc3631b9-1f85-4689-bd12-5c399dcc05d6,beryl-dormouse-rich-phea,2025-12-09T15:05:53.663837Z,2025-12-09T16:05:53.663837Z,2025-12-09T16:09:55.663837Z,Active Power,2,kW,2,6.675777325863531
8,715bd6f9-b0af-42e9-a5ea-d37e23e2c042,ebony-cockle-resourceful,2025-12-08T21:15:09.663837Z,2025-12-08T22:15:09.663837Z,2025-12-08T22:18:19.663837Z,Active Energy Import,1,kWh,1,3.1779255305072294
17,613be624-235c-4fd2-94f0-4a1400ce1530,attentive-chicken-fresh,2025-12-08T22:55:57.663837Z,2025-12-08T23:55:57.663837Z,2025-12-08T23:56:39.663837Z,Current,4,A,4,12.416314024252436
3,1dc76f88-c58c-41ed-930f-80249b26f147,skilled-mouse-married-pe,2025-12-08T19:07:06.663837Z,2025-12-08T20:07:06.663837Z,2025-12-08T20:08:18.663837Z,Voltage,3,V,3,238.93410263523884
22,775a8f35-a841-4224-8e9b-e41791a8917b,azure-tuna-benevolent-le,2025-12-09T16:53:11.663837Z,2025-12-09T17:53:11.663837Z,2025-12-09T17:57:15.663837Z,Active Power,2,kW,2,4.987597083976541
19,5c53ecb7-c068-4ded-819b-d25b04a961ee,daffodil-eagle-outgoing,2025-12-10T03:38:58.663837Z,2025-12-10T04:38:58.663837Z,2025-12-10T04:43:00.663837Z,Current,4,A,4,39.232767431553974
7,7ec388ab-ef57-4cd0-8166-24bca0f9352d,winged-chital-fascinatin,2025-12-09T19:58:24.663837Z,2025-12-09T20:58:24.663837Z,2025-12-09T20:58:49.663837Z,Active Energy Import,1,kWh,1,3.771166020297631
22,775a8f35-a841-4224-8e9b-e41791a8917b,azure-tuna-benevolent-le,2025-12-09T19:53:11.663837Z,2025-12-09T20:53:11.663837Z,2025-12-09T20:57:34.663837Z,Active Power,2,kW,2,4.572306421897308
18,407833b8-9e2c-4a0f-a9fa-0787b87cc227,solid-pigeon-versatile-f,2025-12-10T07:54:04.663837Z,2025-12-10T08:54:04.663837Z,2025-12-10T08:58:26.663837Z,Active Power,2,kW,2,3.7396148767902004
14,51d4a3f0-bdeb-45b4-8d92-c2f412fbb544,jasper-quetzal-chubby-pa,2025-12-09T04:04:16.663837Z,2025-12-09T05:04:16.663837Z,2025-12-09T05:05:36.663837Z,Active Power,2,kW,2,7.886437542776095
15,901c7b14-f438-4763-9a4b-839e5ae0ef47,quirky-nightingale-succe,2025-12-09T02:07:54.663837Z,2025-12-09T03:07:54.663837Z,2025-12-09T03:12:43.663837Z,Active Energy Import,1,kWh,1,0.2999048898542328
15,901c7b14-f438-4763-9a4b-839e5ae0ef47,quirky-nightingale-succe,2025-12-09T12:07:54.663837Z,2025-12-09T13:07:54.663837Z,2025-12-09T13:11:07.663837Z,Active Energy Import,1,kWh,1,0.5744265676515409
1,cb345846-7a9d-4e68-ac49-ff10ea7e597c,noisy-civet-wise-wolf-ea,2025-12-09T02:52:45.663837Z,2025-12-09T03:52:45.663837Z,2025-12-09T03:53:30.663837Z,Active Energy Import,1,kWh,1,4.276588605075735
12,6b744945-305e-450c-9bb8-55708a02b43b,delightful-numbat-therap,2025-12-09T05:19:21.663837Z,2025-12-09T06:19:21.663837Z,2025-12-09T06:22:41.663837Z,Active Energy Import,1,kWh,1,3.0985518426870766
16,8f374aae-88ea-4a4f-b17a-09a28bb5edd2,xanthic-curassow-rough-p,2025-12-10T05:46:04.663837Z,2025-12-10T06:46:04.663837Z,2025-12-10T06:47:24.663837Z,Active Power,2,kW,2,2.362688489467243
23,7ea2dc57-340e-4c75-a338-d5230c677f7e,manipulative-nautilus-ac,2025-12-09T11:08:27.663837Z,2025-12-09T12:08:27.663837Z,2025-12-09T12:11:09.663837Z,Current,4,A,4,31.870192557205886
18,407833b8-9e2c-4a0f-a9fa-0787b87cc227,solid-pigeon-versatile-f,2025-12-09T11:54:04.663837Z,2025-12-09T12:54:04.663837Z,2025-12-09T12:56:11.663837Z,Active Power,2,kW,2,3.094678965627896
12,6b744945-305e-450c-9bb8-55708a02b43b,delightful-numbat-therap,2025-12-09T21:19:21.663837Z,2025-12-09T22:19:21.663837Z,2025-12-09T22:22:48.663837Z,Active Energy Import,1,kWh,1,1.3724019008911386
16,8f374aae-88ea-4a4f-b17a-09a28bb5edd2,xanthic-curassow-rough-p,2025-12-10T11:46:04.663837Z,2025-12-10T12:46:04.663837Z,2025-12-10T12:49:58.663837Z,Active Power,2,kW,2,6.811334783148338
11,ad41d5b8-7705-43b9-a904-94c6b4dc9e5c,vehement-cuscus-dazzling,2025-12-10T10:28:34.663837Z,2025-12-10T11:28:34.663837Z,2025-12-10T11:32:48.663837Z,Active Energy Import,1,kWh,1,4.361915086992681
18,407833b8-9e2c-4a0f-a9fa-0787b87cc227,solid-pigeon-versatile-f,2025-12-09T08:54:04.663837Z,2025-12-09T09:54:04.663837Z,2025-12-09T09:56:10.663837Z,Active Power,2,kW,2,9.69588603408625
7,7ec388ab-ef57-4cd0-8166-24bca0f9352d,winged-chital-fascinatin,2025-12-08T22:58:24.663837Z,2025-12-08T23:58:24.663837Z,2025-12-09T00:02:03.663837Z,Active Energy Import,1,kWh,1,2.6911028380511577
9,c3ec0f1e-faa7-4604-8728-02ffbd377578,enlightened-hippo-infrar,2025-12-10T03:51:48.663837Z,2025-12-10T04:51:48.663837Z,2025-12-10T04:53:13.663837Z,Current,4,A,4,9.594607106987695
9,c3ec0f1e-faa7-4604-8728-02ffbd377578,enlightened-hippo-infrar,2025-12-10T10:51:48.663837Z,2025-12-10T11:51:48.663837Z,2025-12-10T11:53:52.663837Z,Current,4,A,4,36.95644177930195
7,7ec388ab-ef57-4cd0-8166-24bca0f9352d,winged-chital-fascinatin,2025-12-09T21:58:24.663837Z,2025-12-09T22:58:24.663837Z,2025-12-09T22:58:39.663837Z,Active Energy Import,1,kWh,1,3.1066782829307895
16,8f374aae-88ea-4a4f-b17a-09a28bb5edd2,xanthic-curassow-rough-p,2025-12-09T16:46:04.663837Z,2025-12-09T17:46:04.663837Z,2025-12-09T17:49:42.663837Z,Active Power,2,kW,2,2.8951520558575816
15,901c7b14-f438-4763-9a4b-839e5ae0ef47,quirky-nightingale-succe,2025-12-09T05:07:54.663837Z,2025-12-09T06:07:54.663837Z,2025-12-09T06:11:35.663837Z,Active Energy Import,1,kWh,1,4.340460744345325
16,8f374aae-88ea-4a4f-b17a-09a28bb5edd2,xanthic-curassow-rough-p,2025-12-09T23:46:04.663837Z,2025-12-10T00:46:04.663837Z,2025-12-10T00:49:31.663837Z,Active Power,2,kW,2,8.705244161954116
4,c8a8e73a-b416-494e-94e1-7491b26841fe,classic-swallow-hallowed,2025-12-10T13:33:57.663837Z,2025-12-10T14:33:57.663837Z,2025-12-10T14:37:30.663837Z,Active Power,2,kW,2,9.73837022637289
5,562d78d0-9a63-4283-a55b-fe97f393afe5,imposing-ibis-thick-unic,2025-12-09T09:51:44.663837Z,2025-12-09T10:51:44.663837Z,2025-12-09T10:54:04.663837Z,Active Power,2,kW,2,0.3825719735326272
2,b4d8a596-2928-4ad7-b979-0355d497e87a,impossible-guppy-purple,2025-12-10T04:03:12.663837Z,2025-12-10T05:03:12.663837Z,2025-12-10T05:07:41.663837Z,Active Energy Import,1,kWh,1,2.257430706955649
21,f6fdc037-53d7-4d3e-b26e-487c7210c280,vague-dugong-vagabond-ge,2025-12-09T05:59:27.663837Z,2025-12-09T06:59:27.663837Z,2025-12-09T07:03:52.663837Z,Active Energy Import,1,kWh,1,1.1212080762297827
14,51d4a3f0-bdeb-45b4-8d92-c2f412fbb544,jasper-quetzal-chubby-pa,2025-12-10T08:04:16.663837Z,2025-12-10T09:04:16.663837Z,2025-12-10T09:08:39.663837Z,Active Power,2,kW,2,6.054267915353129
16,8f374aae-88ea-4a4f-b17a-09a28bb5edd2,xanthic-curassow-rough-p,2025-12-09T00:46:04.663837Z,2025-12-09T01:46:04.663837Z,2025-12-09T01:50:18.663837Z,Active Power,2,kW,2,5.269341071481448
4,c8a8e73a-b416-494e-94e1-7491b26841fe,classic-swallow-hallowed,2025-12-10T05:33:57.663837Z,2025-12-10T06:33:57.663837Z,2025-12-10T06:35:18.663837Z,Active Power,2,kW,2,5.4559028920552235
2,b4d8a596-2928-4ad7-b979-0355d497e87a,impossible-guppy-purple,2025-12-09T09:03:12.663837Z,2025-12-09T10:03:12.663837Z,2025-12-09T10:07:36.663837Z,Active Energy Import,1,kWh,1,3.0448510571908614
7,7ec388ab-ef57-4cd0-8166-24bca0f9352d,winged-chital-fascinatin,2025-12-09T02:58:24.663837Z,2025-12-09T03:58:24.663837Z,2025-12-09T03:58:43.663837Z,Active Energy Import,1,kWh,1,1.9442860162306403
22,775a8f35-a841-4224-8e9b-e41791a8917b,azure-tuna-benevolent-le,2025-12-08T23:53:11.663837Z,2025-12-09T00:53:11.663837Z,2025-12-09T00:57:23.663837Z,Active Power,2,kW,2,4.64442157775335
5,562d78d0-9a63-4283-a55b-fe97f393afe5,imposing-ibis-thick-unic,2025-12-09T07:51:44.663837Z,2025-12-09T08:51:44.663837Z,2025-12-09T08:52:03.663837Z,Active Power,2,kW,2,1.1534175185142759
15,901c7b14-f438-4763-9a4b-839e5ae0ef47,quirky-nightingale-succe,2025-12-09T13:07:54.663837Z,2025-12-09T14:07:54.663837Z,2025-12-09T14:10:21.663837Z,Active Energy Import,1,kWh,1,2.8705000216573135
7,7ec388ab-ef57-4cd0-8166-24bca0f9352d,winged-chital-fascinatin,2025-12-09T11:58:24.663837Z,2025-12-09T12:58:24.663837Z,2025-12-09T13:00:17.663837Z,Active Energy Import,1,kWh,1,2.2734966250824105
9,c3ec0f1e-faa7-4604-8728-02ffbd377578,enlightened-hippo-infrar,2025-12-10T06:51:48.663837Z,2025-12-10T07:51:48.663837Z,2025-12-10T07:55:53.663837Z,Current,4,A,4,11.650371561241105
8,715bd6f9-b0af-42e9-a5ea-d37e23e2c042,ebony-cockle-resourceful,2025-12-09T12:15:09.663837Z,2025-12-09T13:15:09.663837Z,2025-12-09T13:18:15.663837Z,Active Energy Import,1,kWh,1,3.9891617841404825
9,c3ec0f1e-faa7-4604-8728-02ffbd377578,enlightened-hippo-infrar,2025-12-10T00:51:48.663837Z,2025-12-10T01:51:48.663837Z,2025-12-10T01:52:43.663837Z,Current,4,A,4,37.903608013015116
25,d3b99682-d478-4d6f-9a57-ac32627e471c,charming-salmon-alluring,2025-12-09T01:56:21.663837Z,2025-12-09T02:56:21.663837Z,2025-12-09T02:57:23.663837Z,Voltage,3,V,3,223.22736387327143
19,5c53ecb7-c068-4ded-819b-d25b04a961ee,daffodil-eagle-outgoing,2025-12-08T22:38:58.663837Z,2025-12-08T23:38:58.663837Z,2025-12-08T23:43:03.663837Z,Current,4,A,4,17.944058959289862
14,51d4a3f0-bdeb-45b4-8d92-c2f412fbb544,jasper-quetzal-chubby-pa,2025-12-09T19:04:16.663837Z,2025-12-09T20:04:16.663837Z,2025-12-09T20:04:43.663837Z,Active Power,2,kW,2,7.272429971637352
23,7ea2dc57-340e-4c75-a338-d5230c677f7e,manipulative-nautilus-ac,2025-12-10T09:08:27.663837Z,2025-12-10T10:08:27.663837Z,2025-12-10T10:10:54.663837Z,Current,4,A,4,22.323466032296167
18,407833b8-9e2c-4a0f-a9fa-0787b87cc227,solid-pigeon-versatile-f,2025-12-08T21:54:04.663837Z,2025-12-08T22:54:04.663837Z,2025-12-08T22:55:47.663837Z,Active Power,2,kW,2,2.2654304653388726
12,6b744945-305e-450c-9bb8-55708a02b43b,delightful-numbat-therap,2025-12-09T15:19:21.663837Z,2025-12-09T16:19:21.663837Z,2025-12-09T16:23:19.663837Z,Active Energy Import,1,kWh,1,4.226519625712993
21,f6fdc037-53d7-4d3e-b26e-487c7210c280,vague-dugong-vagabond-ge,2025-12-10T04:59:27.663837Z,2025-12-10T05:59:27.663837Z,2025-12-10T06:04:14.663837Z,Active Energy Import,1,kWh,1,1.3722551660675664
8,715bd6f9-b0af-42e9-a5ea-d37e23e2c042,ebony-cockle-resourceful,2025-12-09T08:15:09.663837Z,2025-12-09T09:15:09.663837Z,2025-12-09T09:19:11.663837Z,Active Energy Import,1,kWh,1,2.849248223391611
8,715bd6f9-b0af-42e9-a5ea-d37e23e2c042,ebony-cockle-resourceful,2025-12-08T20:15:09.663837Z,2025-12-08T21:15:09.663837Z,2025-12-08T21:16:08.663837Z,Active Energy Import,1,kWh,1,2.167617006629242
7,7ec388ab-ef57-4cd0-8166-24bca0f9352d,winged-chital-fascinatin,2025-12-09T20:58:24.663837Z,2025-12-09T21:58:24.663837Z,2025-12-09T22:00:35.663837Z,Active Energy Import,1,kWh,1,0.9968034118126645
20,58f98d07-ed02-4afb-afca-285914108982,sandy-dugong-just-squirr,2025-12-10T07:31:40.663837Z,2025-12-10T08:31:40.663837Z,2025-12-10T08:34:11.663837Z,Voltage,3,V,3,237.75922564163176
3,1dc76f88-c58c-41ed-930f-80249b26f147,skilled-mouse-married-pe,2025-12-10T03:07:06.663837Z,2025-12-10T04:07:06.663837Z,2025-12-10T04:11:31.663837Z,Voltage,3,V,3,213.2044586096235
4,c8a8e73a-b416-494e-94e1-7491b26841fe,classic-swallow-hallowed,2025-12-09T10:33:57.663837Z,2025-12-09T11:33:57.663837Z,2025-12-09T11:38:40.663837Z,Active Power,2,kW,2,7.035399250873709
2,b4d8a596-2928-4ad7-b979-0355d497e87a,impossible-guppy-purple,2025-12-09T06:03:12.663837Z,2025-12-09T07:03:12.663837Z,2025-12-09T07:04:48.663837Z,Active Energy Import,1,kWh,1,2.538408373021626
19,5c53ecb7-c068-4ded-819b-d25b04a961ee,daffodil-eagle-outgoing,2025-12-09T02:38:58.663837Z,2025-12-09T03:38:58.663837Z,2025-12-09T03:43:33.663837Z,Current,4,A,4,16.93019035791959
17,613be624-235c-4fd2-94f0-4a1400ce1530,attentive-chicken-fresh,2025-12-10T03:55:57.663837Z,2025-12-10T04:55:57.663837Z,2025-12-10T04:59:14.663837Z,Current,4,A,4,25.739730534452782
21,f6fdc037-53d7-4d3e-b26e-487c7210c280,vague-dugong-vagabond-ge,2025-12-09T12:59:27.663837Z,2025-12-09T13:59:27.663837Z,2025-12-09T14:02:55.663837Z,Active Energy Import,1,kWh,1,4.997975219671934
5,562d78d0-9a63-4283-a55b-fe97f393afe5,imposing-ibis-thick-unic,2025-12-09T00:51:44.663837Z,2025-12-09T01:51:44.663837Z,2025-12-09T01:55:44.663837Z,Active Power,2,kW,2,3.4965842444591866
6,dc3631b9-1f85-4689-bd12-5c399dcc05d6,beryl-dormouse-rich-phea,2025-12-09T01:05:53.663837Z,2025-12-09T02:05:53.663837Z,2025-12-09T02:07:58.663837Z,Active Power,2,kW,2,6.72795670557167
23,7ea2dc57-340e-4c75-a338-d5230c677f7e,manipulative-nautilus-ac,2025-12-09T07:08:27.663837Z,2025-12-09T08:08:27.663837Z,2025-12-09T08:13:04.663837Z,Current,4,A,4,19.593866082650365
9,c3ec0f1e-faa7-4604-8728-02ffbd377578,enlightened-hippo-infrar,2025-12-09T23:51:48.663837Z,2025-12-10T00:51:48.663837Z,2025-12-10T00:52:23.663837Z,Current,4,A,4,24.385236489805212
9,c3ec0f1e-faa7-4604-8728-02ffbd377578,enlightened-hippo-infrar,2025-12-09T07:51:48.663837Z,2025-12-09T08:51:48.663837Z,2025-12-09T08:51:59.663837Z,Current,4,A,4,22.96256878505329
12,6b744945-305e-450c-9bb8-55708a02b43b,delightful-numbat-therap,2025-12-09T04:19:21.663837Z,2025-12-09T05:19:21.663837Z,2025-12-09T05:20:06.663837Z,Active Energy Import,1,kWh,1,3.047458934442684
25,d3b99682-d478-4d6f-9a57-ac32627e471c,charming-salmon-alluring,2025-12-09T13:56:21.663837Z,2025-12-09T14:56:21.663837Z,2025-12-09T14:59:42.663837Z,Voltage,3,V,3,219.42085011206134
8,715bd6f9-b0af-42e9-a5ea-d37e23e2c042,ebony-cockle-resourceful,2025-12-10T00:15:09.663837Z,2025-12-10T01:15:09.663837Z,2025-12-10T01:19:45.663837Z,Active Energy Import,1,kWh,1,1.7187869707310126
9,c3ec0f1e-faa7-4604-8728-02ffbd377578,enlightened-hippo-infrar,2025-12-09T08:51:48.663837Z,2025-12-09T09:51:48.663837Z,2025-12-09T09:55:53.663837Z,Current,4,A,4,19.14856834425592
3,1dc76f88-c58c-41ed-930f-80249b26f147,skilled-mouse-married-pe,2025-12-08T23:07:06.663837Z,2025-12-09T00:07:06.663837Z,2025-12-09T00:08:00.663837Z,Voltage,3,V,3,236.35930998058652
5,562d78d0-9a63-4283-a55b-fe97f393afe5,imposing-ibis-thick-unic,2025-12-09T12:51:44.663837Z,2025-12-09T13:51:44.663837Z,2025-12-09T13:56:10.663837Z,Active Power,2,kW,2,1.1564578402933046
20,58f98d07-ed02-4afb-afca-285914108982,sandy-dugong-just-squirr,2025-12-09T03:31:40.663837Z,2025-12-09T04:31:40.663837Z,2025-12-09T04:33:17.663837Z,Voltage,3,V,3,231.81897589378548
9,c3ec0f1e-faa7-4604-8728-02ffbd377578,enlightened-hippo-infrar,2025-12-09T13:51:48.663837Z,2025-12-09T14:51:48.663837Z,2025-12-09T14:52:30.663837Z,Current,4,A,4,23.08084625883272
4,c8a8e73a-b416-494e-94e1-7491b26841fe,classic-swallow-hallowed,2025-12-09T05:33:57.663837Z,2025-12-09T06:33:57.663837Z,2025-12-09T06:34:39.663837Z,Active Power,2,kW,2,5.3763440410162735
13,35c0fc0d-02da-498c-a6b5-43f530bd6f6d,grinning-dinosaur-romant,2025-12-10T02:41:22.663837Z,2025-12-10T03:41:22.663837Z,2025-12-10T03:45:14.663837Z,Active Power,2,kW,2,9.50555169851427
2,b4d8a596-2928-4ad7-b979-0355d497e87a,impossible-guppy-purple,2025-12-09T11:03:12.663837Z,2025-12-09T12:03:12.663837Z,2025-12-09T12:04:39.663837Z,Active Energy Import,1,kWh,1,2.6968951505981287
23,7ea2dc57-340e-4c75-a338-d5230c677f7e,manipulative-nautilus-ac,2025-12-09T03:08:27.663837Z,2025-12-09T04:08:27.663837Z,2025-12-09T04:12:55.663837Z,Current,4,A,4,5.591239430894208
21,f6fdc037-53d7-4d3e-b26e-487c7210c280,vague-dugong-vagabond-ge,2025-12-09T22:59:27.663837Z,2025-12-09T23:59:27.663837Z,2025-12-10T00:00:00.663837Z,Active Energy Import,1,kWh,1,4.1569540323377066
12,6b744945-305e-450c-9bb8-55708a02b43b,delightful-numbat-therap,2025-12-10T08:19:21.663837Z,2025-12-10T09:19:21.663837Z,2025-12-10T09:22:32.663837Z,Active Energy Import,1,kWh,1,3.6617988396961914
14,51d4a3f0-bdeb-45b4-8d92-c2f412fbb544,jasper-quetzal-chubby-pa,2025-12-08T19:04:16.663837Z,2025-12-08T20:04:16.663837Z,2025-12-08T20:08:13.663837Z,Active Power,2,kW,2,0.9167342381752086
9,c3ec0f1e-faa7-4604-8728-02ffbd377578,enlightened-hippo-infrar,2025-12-10T12:51:48.663837Z,2025-12-10T13:51:48.663837Z,2025-12-10T13:56:31.663837Z,Current,4,A,4,8.992378010640953
13,35c0fc0d-02da-498c-a6b5-43f530bd6f6d,grinning-dinosaur-romant,2025-12-09T20:41:22.663837Z,2025-12-09T21:41:22.663837Z,2025-12-09T21:46:03.663837Z,Active Power,2,kW,2,4.1912675341472285
1,cb345846-7a9d-4e68-ac49-ff10ea7e597c,noisy-civet-wise-wolf-ea,2025-12-09T09:52:45.663837Z,2025-12-09T10:52:45.663837Z,2025-12-09T10:54:17.663837Z,Active Energy Import,1,kWh,1,2.67069938514854
7,7ec388ab-ef57-4cd0-8166-24bca0f9352d,winged-chital-fascinatin,2025-12-10T09:58:24.663837Z,2025-12-10T10:58:24.663837Z,2025-12-10T11:00:33.663837Z,Active Energy Import,1,kWh,1,0.5095065272298827
6,dc3631b9-1f85-4689-bd12-5c399dcc05d6,beryl-dormouse-rich-phea,2025-12-09T11:05:53.663837Z,2025-12-09T12:05:53.663837Z,2025-12-09T12:07:50.663837Z,Active Power,2,kW,2,1.7588668170653166
23,7ea2dc57-340e-4c75-a338-d5230c677f7e,manipulative-nautilus-ac,2025-12-09T23:08:27.663837Z,2025-12-10T00:08:27.663837Z,2025-12-10T00:12:33.663837Z,Current,4,A,4,34.912708356492814
7,7ec388ab-ef57-4cd0-8166-24bca0f9352d,winged-chital-fascinatin,2025-12-09T14:58:24.663837Z,2025-12-09T15:58:24.663837Z,2025-12-09T16:02:04.663837Z,Active Energy Import,1,kWh,1,1.261357658911903
17,613be624-235c-4fd2-94f0-4a1400ce1530,attentive-chicken-fresh,2025-12-09T01:55:57.663837Z,2025-12-09T02:55:57.663837Z,2025-12-09T02:56:41.663837Z,Current,4,A,4,25.786658783033495
6,dc3631b9-1f85-4689-bd12-5c399dcc05d6,beryl-dormouse-rich-phea,2025-12-09T02:05:53.663837Z,2025-12-09T03:05:53.663837Z,2025-12-09T03:07:53.663837Z,Active Power,2,kW,2,8.065628945762658
14,51d4a3f0-bdeb-45b4-8d92-c2f412fbb544,jasper-quetzal-chubby-pa,2025-12-09T06:04:16.663837Z,2025-12-09T07:04:16.663837Z,2025-12-09T07:05:35.663837Z,Active Power,2,kW,2,9.875273043661723
12,6b744945-305e-450c-9bb8-55708a02b43b,delightful-numbat-therap,2025-12-10T01:19:21.663837Z,2025-12-10T02:19:21.663837Z,2025-12-10T02:21:52.663837Z,Active Energy Import,1,kWh,1,3.8787048980169043
13,35c0fc0d-02da-498c-a6b5-43f530bd6f6d,grinning-dinosaur-romant,2025-12-09T23:41:22.663837Z,2025-12-10T00:41:22.663837Z,2025-12-10T00:44:55.663837Z,Active Power,2,kW,2,9.390530657136553
6,dc3631b9-1f85-4689-bd12-5c399dcc05d6,beryl-dormouse-rich-phea,2025-12-10T02:05:53.663837Z,2025-12-10T03:05:53.663837Z,2025-12-10T03:06:37.663837Z,Active Power,2,kW,2,7.1354486261105645
1,cb345846-7a9d-4e68-ac49-ff10ea7e597c,noisy-civet-wise-wolf-ea,2025-12-10T04:52:45.663837Z,2025-12-10T05:52:45.663837Z,2025-12-10T05:53:46.663837Z,Active Energy Import,1,kWh,1,0.7642065967413053
23,7ea2dc57-340e-4c75-a338-d5230c677f7e,manipulative-nautilus-ac,2025-12-09T13:08:27.663837Z,2025-12-09T14:08:27.663837Z,2025-12-09T14:10:47.663837Z,Current,4,A,4,38.682827846882034
11,ad41d5b8-7705-43b9-a904-94c6b4dc9e5c,vehement-cuscus-dazzling,2025-12-09T00:28:34.663837Z,2025-12-09T01:28:34.663837Z,2025-12-09T01:31:08.663837Z,Active Energy Import,1,kWh,1,2.5443600753475586
23,7ea2dc57-340e-4c75-a338-d5230c677f7e,manipulative-nautilus-ac,2025-12-09T12:08:27.663837Z,2025-12-09T13:08:27.663837Z,2025-12-09T13:08:45.663837Z,Current,4,A,4,23.876384638127746
10,6cbf975e-4fb3-4a99-8066-0a149d2c05ac,sceptical-gharial-soft-t,2025-12-08T21:45:40.663837Z,2025-12-08T22:45:40.663837Z,2025-12-08T22:48:04.663837Z,Active Energy Import,1,kWh,1,2.5023608855896278
16,8f374aae-88ea-4a4f-b17a-09a28bb5edd2,xanthic-curassow-rough-p,2025-12-09T21:46:04.663837Z,2025-12-09T22:46:04.663837Z,2025-12-09T22:47:03.663837Z,Active Power,2,kW,2,2.4331647482273366
20,58f98d07-ed02-4afb-afca-285914108982,sandy-dugong-just-squirr,2025-12-08T22:31:40.663837Z,2025-12-08T23:31:40.663837Z,2025-12-08T23:33:20.663837Z,Voltage,3,V,3,229.8481290614809
4,c8a8e73a-b416-494e-94e1-7491b26841fe,classic-swallow-hallowed,2025-12-09T07:33:57.663837Z,2025-12-09T08:33:57.663837Z,2025-12-09T08:37:00.663837Z,Active Power,2,kW,2,8.808641736864395
4,c8a8e73a-b416-494e-94e1-7491b26841fe,classic-swallow-hallowed,2025-12-09T01:33:57.663837Z,2025-12-09T02:33:57.663837Z,2025-12-09T02:37:24.663837Z,Active Power,2,kW,2,1.3087828212745645
13,35c0fc0d-02da-498c-a6b5-43f530bd6f6d,grinning-dinosaur-romant,2025-12-09T07:41:22.663837Z,2025-12-09T08:41:22.663837Z,2025-12-09T08:43:41.663837Z,Active Power,2,kW,2,5.8456009165216605
25,d3b99682-d478-4d6f-9a57-ac32627e471c,charming-salmon-alluring,2025-12-10T02:56:21.663837Z,2025-12-10T03:56:21.663837Z,2025-12-10T03:59:37.663837Z,Voltage,3,V,3,226.633824617249
2,b4d8a596-2928-4ad7-b979-0355d497e87a,impossible-guppy-purple,2025-12-10T03:03:12.663837Z,2025-12-10T04:03:12.663837Z,2025-12-10T04:06:28.663837Z,Active Energy Import,1,kWh,1,2.1905004195725204
7,7ec388ab-ef57-4cd0-8166-24bca0f9352d,winged-chital-fascinatin,2025-12-09T10:58:24.663837Z,2025-12-09T11:58:24.663837Z,2025-12-09T12:00:42.663837Z,Active Energy Import,1,kWh,1,1.8955193209406977
9,c3ec0f1e-faa7-4604-8728-02ffbd377578,enlightened-hippo-infrar,2025-12-09T21:51:48.663837Z,2025-12-09T22:51:48.663837Z,2025-12-09T22:55:39.663837Z,Current,4,A,4,11.894125300695496
22,775a8f35-a841-4224-8e9b-e41791a8917b,azure-tuna-benevolent-le,2025-12-10T03:53:11.663837Z,2025-12-10T04:53:11.663837Z,2025-12-10T04:56:42.663837Z,Active Power,2,kW,2,3.6593735251756296
17,613be624-235c-4fd2-94f0-4a1400ce1530,attentive-chicken-fresh,2025-12-09T14:55:57.663837Z,2025-12-09T15:55:57.663837Z,2025-12-09T16:00:30.663837Z,Current,4,A,4,20.909921410621823
16,8f374aae-88ea-4a4f-b17a-09a28bb5edd2,xanthic-curassow-rough-p,2025-12-08T23:46:04.663837Z,2025-12-09T00:46:04.663837Z,2025-12-09T00:49:49.663837Z,Active Power,2,kW,2,1.1088977220093055
11,ad41d5b8-7705-43b9-a904-94c6b4dc9e5c,vehement-cuscus-dazzling,2025-12-09T15:28:34.663837Z,2025-12-09T16:28:34.663837Z,2025-12-09T16:33:17.663837Z,Active Energy Import,1,kWh,1,1.88605027106943
1,cb345846-7a9d-4e68-ac49-ff10ea7e597c,noisy-civet-wise-wolf-ea,2025-12-10T02:52:45.663837Z,2025-12-10T03:52:45.663837Z,2025-12-10T03:54:00.663837Z,Active Energy Import,1,kWh,1,2.5476314683823227
15,901c7b14-f438-4763-9a4b-839e5ae0ef47,quirky-nightingale-succe,2025-12-09T18:07:54.663837Z,2025-12-09T19:07:54.663837Z,2025-12-09T19:10:37.663837Z,Active Energy Import,1,kWh,1,4.6076876051658635
25,d3b99682-d478-4d6f-9a57-ac32627e471c,charming-salmon-alluring,2025-12-09T23:56:21.663837Z,2025-12-10T00:56:21.663837Z,2025-12-10T00:58:19.663837Z,Voltage,3,V,3,218.76514403741376
25,d3b99682-d478-4d6f-9a57-ac32627e471c,charming-salmon-alluring,2025-12-09T22:56:21.663837Z,2025-12-09T23:56:21.663837Z,2025-12-09T23:58:57.663837Z,Voltage,3,V,3,224.7017561240868
11,ad41d5b8-7705-43b9-a904-94c6b4dc9e5c,vehement-cuscus-dazzling,2025-12-09T04:28:34.663837Z,2025-12-09T05:28:34.663837Z,2025-12-09T05:29:53.663837Z,Active Energy Import,1,kWh,1,1.9179300662357495
6,dc3631b9-1f85-4689-bd12-5c399dcc05d6,beryl-dormouse-rich-phea,2025-12-09T21:05:53.663837Z,2025-12-09T22:05:53.663837Z,2025-12-09T22:10:01.663837Z,Active Power,2,kW,2,4.500697572469081
3,1dc76f88-c58c-41ed-930f-80249b26f147,skilled-mouse-married-pe,2025-12-09T21:07:06.663837Z,2025-12-09T22:07:06.663837Z,2025-12-09T22:09:42.663837Z,Voltage,3,V,3,218.708035936567
25,d3b99682-d478-4d6f-9a57-ac32627e471c,charming-salmon-alluring,2025-12-09T16:56:21.663837Z,2025-12-09T17:56:21.663837Z,2025-12-09T18:01:19.663837Z,Voltage,3,V,3,210.4574293677667
18,407833b8-9e2c-4a0f-a9fa-0787b87cc227,solid-pigeon-versatile-f,2025-12-09T03:54:04.663837Z,2025-12-09T04:54:04.663837Z,2025-12-09T04:57:01.663837Z,Active Power,2,kW,2,8.763927725427418
10,6cbf975e-4fb3-4a99-8066-0a149d2c05ac,sceptical-gharial-soft-t,2025-12-09T03:45:40.663837Z,2025-12-09T04:45:40.663837Z,2025-12-09T04:45:55.663837Z,Active Energy Import,1,kWh,1,4.997862084387257
1,cb345846-7a9d-4e68-ac49-ff10ea7e597c,noisy-civet-wise-wolf-ea,2025-12-09T04:52:45.663837Z,2025-12-09T05:52:45.663837Z,2025-12-09T05:56:42.663837Z,Active Energy Import,1,kWh,1,3.178422221322001
22,775a8f35-a841-4224-8e9b-e41791a8917b,azure-tuna-benevolent-le,2025-12-09T12:53:11.663837Z,2025-12-09T13:53:11.663837Z,2025-12-09T13:54:37.663837Z,Active Power,2,kW,2,8.134778464394495
22,775a8f35-a841-4224-8e9b-e41791a8917b,azure-tuna-benevolent-le,2025-12-09T09:53:11.663837Z,2025-12-09T10:53:11.663837Z,2025-12-09T10:53:41.663837Z,Active Power,2,kW,2,2.902120049699015
9,c3ec0f1e-faa7-4604-8728-02ffbd377578,enlightened-hippo-infrar,2025-12-10T02:51:48.663837Z,2025-12-10T03:51:48.663837Z,2025-12-10T03:54:08.663837Z,Current,4,A,4,26.417125487681467
3,1dc76f88-c58c-41ed-930f-80249b26f147,skilled-mouse-married-pe,2025-12-09T06:07:06.663837Z,2025-12-09T07:07:06.663837Z,2025-12-09T07:08:48.663837Z,Voltage,3,V,3,231.45143015641378
25,d3b99682-d478-4d6f-9a57-ac32627e471c,charming-salmon-alluring,2025-12-10T10:56:21.663837Z,2025-12-10T11:56:21.663837Z,2025-12-10T12:01:06.663837Z,Voltage,3,V,3,246.11552640959235
8,715bd6f9-b0af-42e9-a5ea-d37e23e2c042,ebony-cockle-resourceful,2025-12-09T14:15:09.663837Z,2025-12-09T15:15:09.663837Z,2025-12-09T15:17:35.663837Z,Active Energy Import,1,kWh,1,2.778955139597919
25,d3b99682-d478-4d6f-9a57-ac32627e471c,charming-salmon-alluring,2025-12-09T18:56:21.663837Z,2025-12-09T19:56:21.663837Z,2025-12-09T19:56:57.663837Z,Voltage,3,V,3,236.71144459194684
8,715bd6f9-b0af-42e9-a5ea-d37e23e2c042,ebony-cockle-resourceful,2025-12-08T23:15:09.663837Z,2025-12-09T00:15:09.663837Z,2025-12-09T00:18:56.663837Z,Active Energy Import,1,kWh,1,0.8806848054302968
2,b4d8a596-2928-4ad7-b979-0355d497e87a,impossible-guppy-purple,2025-12-09T14:03:12.663837Z,2025-12-09T15:03:12.663837Z,2025-12-09T15:04:14.663837Z,Active Energy Import,1,kWh,1,4.645493081323085
5,562d78d0-9a63-4283-a55b-fe97f393afe5,imposing-ibis-thick-unic,2025-12-09T17:51:44.663837Z,2025-12-09T18:51:44.663837Z,2025-12-09T18:53:29.663837Z,Active Power,2,kW,2,3.642214717812642
6,dc3631b9-1f85-4689-bd12-5c399dcc05d6,beryl-dormouse-rich-phea,2025-12-08T22:05:53.663837Z,2025-12-08T23:05:53.663837Z,2025-12-08T23:07:24.663837Z,Active Power,2,kW,2,6.588507449984218
24,cbe7b26e-e5ec-43c8-9cc3-2a2839ce2152,amazing-macaque-sturdy-d,2025-12-08T20:08:32.663837Z,2025-12-08T21:08:32.663837Z,2025-12-08T21:11:35.663837Z,Voltage,3,V,3,232.41950360944878
21,f6fdc037-53d7-4d3e-b26e-487c7210c280,vague-dugong-vagabond-ge,2025-12-09T19:59:27.663837Z,2025-12-09T20:59:27.663837Z,2025-12-09T21:04:14.663837Z,Active Energy Import,1,kWh,1,3.198969646833315
15,901c7b14-f438-4763-9a4b-839e5ae0ef47,quirky-nightingale-succe,2025-12-09T21:07:54.663837Z,2025-12-09T22:07:54.663837Z,2025-12-09T22:11:24.663837Z,Active Energy Import,1,kWh,1,0.3479271062416822
20,58f98d07-ed02-4afb-afca-285914108982,sandy-dugong-just-squirr,2025-12-09T12:31:40.663837Z,2025-12-09T13:31:40.663837Z,2025-12-09T13:32:14.663837Z,Voltage,3,V,3,213.00164659952637
19,5c53ecb7-c068-4ded-819b-d25b04a961ee,daffodil-eagle-outgoing,2025-12-09T03:38:58.663837Z,2025-12-09T04:38:58.663837Z,2025-12-09T04:41:30.663837Z,Current,4,A,4,9.505609065637346
4,c8a8e73a-b416-494e-94e1-7491b26841fe,classic-swallow-hallowed,2025-12-09T02:33:57.663837Z,2025-12-09T03:33:57.663837Z,2025-12-09T03:36:35.663837Z,Active Power,2,kW,2,4.57224572570452
11,ad41d5b8-7705-43b9-a904-94c6b4dc9e5c,vehement-cuscus-dazzling,2025-12-08T20:28:34.663837Z,2025-12-08T21:28:34.663837Z,2025-12-08T21:29:26.663837Z,Active Energy Import,1,kWh,1,1.1235032972789232
8,715bd6f9-b0af-42e9-a5ea-d37e23e2c042,ebony-cockle-resourceful,2025-12-09T05:15:09.663837Z,2025-12-09T06:15:09.663837Z,2025-12-09T06:17:19.663837Z,Active Energy Import,1,kWh,1,4.153655094453017
18,407833b8-9e2c-4a0f-a9fa-0787b87cc227,solid-pigeon-versatile-f,2025-12-10T09:54:04.663837Z,2025-12-10T10:54:04.663837Z,2025-12-10T10:57:20.663837Z,Active Power,2,kW,2,2.245387586071159
23,7ea2dc57-340e-4c75-a338-d5230c677f7e,manipulative-nautilus-ac,2025-12-10T00:08:27.663837Z,2025-12-10T01:08:27.663837Z,2025-12-10T01:09:03.663837Z,Current,4,A,4,28.23100928607061
21,f6fdc037-53d7-4d3e-b26e-487c7210c280,vague-dugong-vagabond-ge,2025-12-09T06:59:27.663837Z,2025-12-09T07:59:27.663837Z,2025-12-09T08:01:14.663837Z,Active Energy Import,1,kWh,1,3.9603283680557038
10,6cbf975e-4fb3-4a99-8066-0a149d2c05ac,sceptical-gharial-soft-t,2025-12-09T07:45:40.663837Z,2025-12-09T08:45:40.663837Z,2025-12-09T08:47:17.663837Z,Active Energy Import,1,kWh,1,4.984727374662818
13,35c0fc0d-02da-498c-a6b5-43f530bd6f6d,grinning-dinosaur-romant,2025-12-10T05:41:22.663837Z,2025-12-10T06:41:22.663837Z,2025-12-10T06:44:30.663837Z,Active Power,2,kW,2,0.6055008916660876
5,562d78d0-9a63-4283-a55b-fe97f393afe5,imposing-ibis-thick-unic,2025-12-08T18:51:44.663837Z,2025-12-08T19:51:44.663837Z,2025-12-08T19:54:39.663837Z,Active Power,2,kW,2,7.823864961476317
6,dc3631b9-1f85-4689-bd12-5c399dcc05d6,beryl-dormouse-rich-phea,2025-12-09T00:05:53.663837Z,2025-12-09T01:05:53.663837Z,2025-12-09T01:08:49.663837Z,Active Power,2,kW,2,0.9338720007556267
3,1dc76f88-c58c-41ed-930f-80249b26f147,skilled-mouse-married-pe,2025-12-09T04:07:06.663837Z,2025-12-09T05:07:06.663837Z,2025-12-09T05:10:04.663837Z,Voltage,3,V,3,242.02370043446797
5,562d78d0-9a63-4283-a55b-fe97f393afe5,imposing-ibis-thick-unic,2025-12-08T15:51:44.663837Z,2025-12-08T16:51:44.663837Z,2025-12-08T16:53:50.663837Z,Active Power,2,kW,2,8.64605696219964
19,5c53ecb7-c068-4ded-819b-d25b04a961ee,daffodil-eagle-outgoing,2025-12-10T09:38:58.663837Z,2025-12-10T10:38:58.663837Z,2025-12-10T10:41:44.663837Z,Current,4,A,4,37.33483919801589
3,1dc76f88-c58c-41ed-930f-80249b26f147,skilled-mouse-married-pe,2025-12-09T16:07:06.663837Z,2025-12-09T17:07:06.663837Z,2025-12-09T17:08:35.663837Z,Voltage,3,V,3,225.15892475907665
9,c3ec0f1e-faa7-4604-8728-02ffbd377578,enlightened-hippo-infrar,2025-12-10T08:51:48.663837Z,2025-12-10T09:51:48.663837Z,2025-12-10T09:54:17.663837Z,Current,4,A,4,28.119502323748687
25,d3b99682-d478-4d6f-9a57-ac32627e471c,charming-salmon-alluring,2025-12-10T06:56:21.663837Z,2025-12-10T07:56:21.663837Z,2025-12-10T07:57:07.663837Z,Voltage,3,V,3,231.0202662488067
5,562d78d0-9a63-4283-a55b-fe97f393afe5,imposing-ibis-thick-unic,2025-12-08T19:51:44.663837Z,2025-12-08T20:51:44.663837Z,2025-12-08T20:55:19.663837Z,Active Power,2,kW,2,8.022351389371389
4,c8a8e73a-b416-494e-94e1-7491b26841fe,classic-swallow-hallowed,2025-12-10T07:33:57.663837Z,2025-12-10T08:33:57.663837Z,2025-12-10T08:35:17.663837Z,Active Power,2,kW,2,4.2978671288077175
13,35c0fc0d-02da-498c-a6b5-43f530bd6f6d,grinning-dinosaur-romant,2025-12-09T08:41:22.663837Z,2025-12-09T09:41:22.663837Z,2025-12-09T09:44:37.663837Z,Active Power,2,kW,2,1.0834610219923069
13,35c0fc0d-02da-498c-a6b5-43f530bd6f6d,grinning-dinosaur-romant,2025-12-09T13:41:22.663837Z,2025-12-09T14:41:22.663837Z,2025-12-09T14:44:01.663837Z,Active Power,2,kW,2,6.492394462845911
9,c3ec0f1e-faa7-4604-8728-02ffbd377578,enlightened-hippo-infrar,2025-12-09T10:51:48.663837Z,2025-12-09T11:51:48.663837Z,2025-12-09T11:52:19.663837Z,Current,4,A,4,10.099135619718904
17,613be624-235c-4fd2-94f0-4a1400ce1530,attentive-chicken-fresh,2025-12-09T13:55:57.663837Z,2025-12-09T14:55:57.663837Z,2025-12-09T14:59:46.663837Z,Current,4,A,4,39.6394409058755
17,613be624-235c-4fd2-94f0-4a1400ce1530,attentive-chicken-fresh,2025-12-09T22:55:57.663837Z,2025-12-09T23:55:57.663837Z,2025-12-09T23:57:18.663837Z,Current,4,A,4,13.334481442422263
24,cbe7b26e-e5ec-43c8-9cc3-2a2839ce2152,amazing-macaque-sturdy-d,2025-12-08T19:08:32.663837Z,2025-12-08T20:08:32.663837Z,2025-12-08T20:12:47.663837Z,Voltage,3,V,3,222.6816298007379
6,dc3631b9-1f85-4689-bd12-5c399dcc05d6,beryl-dormouse-rich-phea,2025-12-09T17:05:53.663837Z,2025-12-09T18:05:53.663837Z,2025-12-09T18:09:44.663837Z,Active Power,2,kW,2,6.1265232276176285
18,407833b8-9e2c-4a0f-a9fa-0787b87cc227,solid-pigeon-versatile-f,2025-12-08T22:54:04.663837Z,2025-12-08T23:54:04.663837Z,2025-12-08T23:55:19.663837Z,Active Power,2,kW,2,1.549451729444048
6,dc3631b9-1f85-4689-bd12-5c399dcc05d6,beryl-dormouse-rich-phea,2025-12-09T22:05:53.663837Z,2025-12-09T23:05:53.663837Z,2025-12-09T23:08:04.663837Z,Active Power,2,kW,2,8.398628878419208
5,562d78d0-9a63-4283-a55b-fe97f393afe5,imposing-ibis-thick-unic,2025-12-08T23:51:44.663837Z,2025-12-09T00:51:44.663837Z,2025-12-09T00:53:42.663837Z,Active Power,2,kW,2,1.9957283002575188
21,f6fdc037-53d7-4d3e-b26e-487c7210c280,vague-dugong-vagabond-ge,2025-12-09T21:59:27.663837Z,2025-12-09T22:59:27.663837Z,2025-12-09T23:00:38.663837Z,Active Energy Import,1,kWh,1,2.1630914324098742
22,775a8f35-a841-4224-8e9b-e41791a8917b,azure-tuna-benevolent-le,2025-12-10T01:53:11.663837Z,2025-12-10T02:53:11.663837Z,2025-12-10T02:56:56.663837Z,Active Power,2,kW,2,1.3393494399231465
20,58f98d07-ed02-4afb-afca-285914108982,sandy-dugong-just-squirr,2025-12-08T23:31:40.663837Z,2025-12-09T00:31:40.663837Z,2025-12-09T00:35:59.663837Z,Voltage,3,V,3,224.6938770783873
8,715bd6f9-b0af-42e9-a5ea-d37e23e2c042,ebony-cockle-resourceful,2025-12-10T04:15:09.663837Z,2025-12-10T05:15:09.663837Z,2025-12-10T05:16:52.663837Z,Active Energy Import,1,kWh,1,1.5777397200299326
24,cbe7b26e-e5ec-43c8-9cc3-2a2839ce2152,amazing-macaque-sturdy-d,2025-12-09T17:08:32.663837Z,2025-12-09T18:08:32.663837Z,2025-12-09T18:12:40.663837Z,Voltage,3,V,3,229.09794081763584
5,562d78d0-9a63-4283-a55b-fe97f393afe5,imposing-ibis-thick-unic,2025-12-09T01:51:44.663837Z,2025-12-09T02:51:44.663837Z,2025-12-09T02:53:45.663837Z,Active Power,2,kW,2,2.2292354720580896
6,dc3631b9-1f85-4689-bd12-5c399dcc05d6,beryl-dormouse-rich-phea,2025-12-08T23:05:53.663837Z,2025-12-09T00:05:53.663837Z,2025-12-09T00:08:23.663837Z,Active Power,2,kW,2,5.1545200991521645
13,35c0fc0d-02da-498c-a6b5-43f530bd6f6d,grinning-dinosaur-romant,2025-12-08T19:41:22.663837Z,2025-12-08T20:41:22.663837Z,2025-12-08T20:43:38.663837Z,Active Power,2,kW,2,9.140489535383121
23,7ea2dc57-340e-4c75-a338-d5230c677f7e,manipulative-nautilus-ac,2025-12-10T07:08:27.663837Z,2025-12-10T08:08:27.663837Z,2025-12-10T08:10:47.663837Z,Current,4,A,4,24.40306320315006
4,c8a8e73a-b416-494e-94e1-7491b26841fe,classic-swallow-hallowed,2025-12-10T09:33:57.663837Z,2025-12-10T10:33:57.663837Z,2025-12-10T10:34:22.663837Z,Active Power,2,kW,2,8.989246365264746
18,407833b8-9e2c-4a0f-a9fa-0787b87cc227,solid-pigeon-versatile-f,2025-12-09T02:54:04.663837Z,2025-12-09T03:54:04.663837Z,2025-12-09T03:58:38.663837Z,Active Power,2,kW,2,0.3774749235756125
15,901c7b14-f438-4763-9a4b-839e5ae0ef47,quirky-nightingale-succe,2025-12-09T17:07:54.663837Z,2025-12-09T18:07:54.663837Z,2025-12-09T18:10:18.663837Z,Active Energy Import,1,kWh,1,3.5134938643280234
6,dc3631b9-1f85-4689-bd12-5c399dcc05d6,beryl-dormouse-rich-phea,2025-12-10T07:05:53.663837Z,2025-12-10T08:05:53.663837Z,2025-12-10T08:07:16.663837Z,Active Power,2,kW,2,7.064191416945523
15,901c7b14-f438-4763-9a4b-839e5ae0ef47,quirky-nightingale-succe,2025-12-09T16:07:54.663837Z,2025-12-09T17:07:54.663837Z,2025-12-09T17:10:15.663837Z,Active Energy Import,1,kWh,1,0.1447659053063416
22,775a8f35-a841-4224-8e9b-e41791a8917b,azure-tuna-benevolent-le,2025-12-09T22:53:11.663837Z,2025-12-09T23:53:11.663837Z,2025-12-09T23:55:40.663837Z,Active Power,2,kW,2,4.948942035251763
8,715bd6f9-b0af-42e9-a5ea-d37e23e2c042,ebony-cockle-resourceful,2025-12-09T15:15:09.663837Z,2025-12-09T16:15:09.663837Z,2025-12-09T16:19:38.663837Z,Active Energy Import,1,kWh,1,4.740312888885156
23,7ea2dc57-340e-4c75-a338-d5230c677f7e,manipulative-nautilus-ac,2025-12-09T18:08:27.663837Z,2025-12-09T19:08:27.663837Z,2025-12-09T19:10:36.663837Z,Current,4,A,4,1.2628205336839748
19,5c53ecb7-c068-4ded-819b-d25b04a961ee,daffodil-eagle-outgoing,2025-12-09T12:38:58.663837Z,2025-12-09T13:38:58.663837Z,2025-12-09T13:41:06.663837Z,Current,4,A,4,22.82654864089715
16,8f374aae-88ea-4a4f-b17a-09a28bb5edd2,xanthic-curassow-rough-p,2025-12-09T06:46:04.663837Z,2025-12-09T07:46:04.663837Z,2025-12-09T07:48:37.663837Z,Active Power,2,kW,2,3.281223559378411
4,c8a8e73a-b416-494e-94e1-7491b26841fe,classic-swallow-hallowed,2025-12-09T04:33:57.663837Z,2025-12-09T05:33:57.663837Z,2025-12-09T05:38:50.663837Z,Active Power,2,kW,2,9.960964478550945
24,cbe7b26e-e5ec-43c8-9cc3-2a2839ce2152,amazing-macaque-sturdy-d,2025-12-10T04:08:32.663837Z,2025-12-10T05:08:32.663837Z,2025-12-10T05:10:12.663837Z,Voltage,3,V,3,247.46434979111052
4,c8a8e73a-b416-494e-94e1-7491b26841fe,classic-swallow-hallowed,2025-12-09T06:33:57.663837Z,2025-12-09T07:33:57.663837Z,2025-12-09T07:38:21.663837Z,Active Power,2,kW,2,2.6520041475040133
24,cbe7b26e-e5ec-43c8-9cc3-2a2839ce2152,amazing-macaque-sturdy-d,2025-12-10T00:08:32.663837Z,2025-12-10T01:08:32.663837Z,2025-12-10T01:10:06.663837Z,Voltage,3,V,3,226.71539928980022
16,8f374aae-88ea-4a4f-b17a-09a28bb5edd2,xanthic-curassow-rough-p,2025-12-08T20:46:04.663837Z,2025-12-08T21:46:04.663837Z,2025-12-08T21:50:17.663837Z,Active Power,2,kW,2,6.070760074410154
13,35c0fc0d-02da-498c-a6b5-43f530bd6f6d,grinning-dinosaur-romant,2025-12-09T05:41:22.663837Z,2025-12-09T06:41:22.663837Z,2025-12-09T06:46:01.663837Z,Active Power,2,kW,2,1.2358873676349236
15,901c7b14-f438-4763-9a4b-839e5ae0ef47,quirky-nightingale-succe,2025-12-10T06:07:54.663837Z,2025-12-10T07:07:54.663837Z,2025-12-10T07:10:18.663837Z,Active Energy Import,1,kWh,1,2.21556487165163
11,ad41d5b8-7705-43b9-a904-94c6b4dc9e5c,vehement-cuscus-dazzling,2025-12-10T03:28:34.663837Z,2025-12-10T04:28:34.663837Z,2025-12-10T04:29:52.663837Z,Active Energy Import,1,kWh,1,2.049893098731822
23,7ea2dc57-340e-4c75-a338-d5230c677f7e,manipulative-nautilus-ac,2025-12-09T14:08:27.663837Z,2025-12-09T15:08:27.663837Z,2025-12-09T15:13:27.663837Z,Current,4,A,4,9.10172901195291
12,6b744945-305e-450c-9bb8-55708a02b43b,delightful-numbat-therap,2025-12-08T22:19:21.663837Z,2025-12-08T23:19:21.663837Z,2025-12-08T23:19:49.663837Z,Active Energy Import,1,kWh,1,1.6218733339065112
5,562d78d0-9a63-4283-a55b-fe97f393afe5,imposing-ibis-thick-unic,2025-12-09T02:51:44.663837Z,2025-12-09T03:51:44.663837Z,2025-12-09T03:53:27.663837Z,Active Power,2,kW,2,3.984659785647835
2,b4d8a596-2928-4ad7-b979-0355d497e87a,impossible-guppy-purple,2025-12-09T20:03:12.663837Z,2025-12-09T21:03:12.663837Z,2025-12-09T21:04:22.663837Z,Active Energy Import,1,kWh,1,3.298754113736837
19,5c53ecb7-c068-4ded-819b-d25b04a961ee,daffodil-eagle-outgoing,2025-12-09T07:38:58.663837Z,2025-12-09T08:38:58.663837Z,2025-12-09T08:43:18.663837Z,Current,4,A,4,23.86956171275788
13,35c0fc0d-02da-498c-a6b5-43f530bd6f6d,grinning-dinosaur-romant,2025-12-09T14:41:22.663837Z,2025-12-09T15:41:22.663837Z,2025-12-09T15:42:26.663837Z,Active Power,2,kW,2,1.3977701250722108
15,901c7b14-f438-4763-9a4b-839e5ae0ef47,quirky-nightingale-succe,2025-12-08T17:07:54.663837Z,2025-12-08T18:07:54.663837Z,2025-12-08T18:09:55.663837Z,Active Energy Import,1,kWh,1,2.069067855884567
8,715bd6f9-b0af-42e9-a5ea-d37e23e2c042,ebony-cockle-resourceful,2025-12-09T19:15:09.663837Z,2025-12-09T20:15:09.663837Z,2025-12-09T20:19:25.663837Z,Active Energy Import,1,kWh,1,2.240872747932854
7,7ec388ab-ef57-4cd0-8166-24bca0f9352d,winged-chital-fascinatin,2025-12-10T06:58:24.663837Z,2025-12-10T07:58:24.663837Z,2025-12-10T08:01:08.663837Z,Active Energy Import,1,kWh,1,2.878983642062071
4,c8a8e73a-b416-494e-94e1-7491b26841fe,classic-swallow-hallowed,2025-12-09T20:33:57.663837Z,2025-12-09T21:33:57.663837Z,2025-12-09T21:36:10.663837Z,Active Power,2,kW,2,9.053364910793233
14,51d4a3f0-bdeb-45b4-8d92-c2f412fbb544,jasper-quetzal-chubby-pa,2025-12-09T01:04:16.663837Z,2025-12-09T02:04:16.663837Z,2025-12-09T02:09:04.663837Z,Active Power,2,kW,2,2.071573703466585
15,901c7b14-f438-4763-9a4b-839e5ae0ef47,quirky-nightingale-succe,2025-12-08T15:07:54.663837Z,2025-12-08T16:07:54.663837Z,2025-12-08T16:12:41.663837Z,Active Energy Import,1,kWh,1,3.604199583287996
18,407833b8-9e2c-4a0f-a9fa-0787b87cc227,solid-pigeon-versatile-f,2025-12-09T20:54:04.663837Z,2025-12-09T21:54:04.663837Z,2025-12-09T21:54:35.663837Z,Active Power,2,kW,2,6.411790362044472
20,58f98d07-ed02-4afb-afca-285914108982,sandy-dugong-just-squirr,2025-12-08T18:31:40.663837Z,2025-12-08T19:31:40.663837Z,2025-12-08T19:34:34.663837Z,Voltage,3,V,3,220.92866424455494
3,1dc76f88-c58c-41ed-930f-80249b26f147,skilled-mouse-married-pe,2025-12-09T00:07:06.663837Z,2025-12-09T01:07:06.663837Z,2025-12-09T01:10:12.663837Z,Voltage,3,V,3,226.94314492079684
21,f6fdc037-53d7-4d3e-b26e-487c7210c280,vague-dugong-vagabond-ge,2025-12-08T22:59:27.663837Z,2025-12-08T23:59:27.663837Z,2025-12-09T00:00:09.663837Z,Active Energy Import,1,kWh,1,2.260213426226987
25,d3b99682-d478-4d6f-9a57-ac32627e471c,charming-salmon-alluring,2025-12-10T11:56:21.663837Z,2025-12-10T12:56:21.663837Z,2025-12-10T12:58:09.663837Z,Voltage,3,V,3,232.9080669691146
8,715bd6f9-b0af-42e9-a5ea-d37e23e2c042,ebony-cockle-resourceful,2025-12-09T09:15:09.663837Z,2025-12-09T10:15:09.663837Z,2025-12-09T10:18:28.663837Z,Active Energy Import,1,kWh,1,1.6819830994568763
17,613be624-235c-4fd2-94f0-4a1400ce1530,attentive-chicken-fresh,2025-12-09T21:55:57.663837Z,2025-12-09T22:55:57.663837Z,2025-12-09T22:59:19.663837Z,Current,4,A,4,11.365878955124549
10,6cbf975e-4fb3-4a99-8066-0a149d2c05ac,sceptical-gharial-soft-t,2025-12-10T01:45:40.663837Z,2025-12-10T02:45:40.663837Z,2025-12-10T02:46:11.663837Z,Active Energy Import,1,kWh,1,1.0177911917513693
9,c3ec0f1e-faa7-4604-8728-02ffbd377578,enlightened-hippo-infrar,2025-12-09T09:51:48.663837Z,2025-12-09T10:51:48.663837Z,2025-12-09T10:54:47.663837Z,Current,4,A,4,7.374546815603269
16,8f374aae-88ea-4a4f-b17a-09a28bb5edd2,xanthic-curassow-rough-p,2025-12-10T07:46:04.663837Z,2025-12-10T08:46:04.663837Z,2025-12-10T08:47:37.663837Z,Active Power,2,kW,2,6.023989852731658
17,613be624-235c-4fd2-94f0-4a1400ce1530,attentive-chicken-fresh,2025-12-09T02:55:57.663837Z,2025-12-09T03:55:57.663837Z,2025-12-09T03:56:48.663837Z,Current,4,A,4,24.600335536622943
3,1dc76f88-c58c-41ed-930f-80249b26f147,skilled-mouse-married-pe,2025-12-09T05:07:06.663837Z,2025-12-09T06:07:06.663837Z,2025-12-09T06:08:06.663837Z,Voltage,3,V,3,219.94625335681144
1,cb345846-7a9d-4e68-ac49-ff10ea7e597c,noisy-civet-wise-wolf-ea,2025-12-09T17:52:45.663837Z,2025-12-09T18:52:45.663837Z,2025-12-09T18:54:38.663837Z,Active Energy Import,1,kWh,1,4.565680620927725
3,1dc76f88-c58c-41ed-930f-80249b26f147,skilled-mouse-married-pe,2025-12-09T19:07:06.663837Z,2025-12-09T20:07:06.663837Z,2025-12-09T20:11:55.663837Z,Voltage,3,V,3,236.47485247802982
11,ad41d5b8-7705-43b9-a904-94c6b4dc9e5c,vehement-cuscus-dazzling,2025-12-09T13:28:34.663837Z,2025-12-09T14:28:34.663837Z,2025-12-09T14:32:27.663837Z,Active Energy Import,1,kWh,1,2.6929028885193684
14,51d4a3f0-bdeb-45b4-8d92-c2f412fbb544,jasper-quetzal-chubby-pa,2025-12-08T22:04:16.663837Z,2025-12-08T23:04:16.663837Z,2025-12-08T23:07:11.663837Z,Active Power,2,kW,2,2.4356889716402366
24,cbe7b26e-e5ec-43c8-9cc3-2a2839ce2152,amazing-macaque-sturdy-d,2025-12-09T13:08:32.663837Z,2025-12-09T14:08:32.663837Z,2025-12-09T14:12:38.663837Z,Voltage,3,V,3,214.02179619109393
12,6b744945-305e-450c-9bb8-55708a02b43b,delightful-numbat-therap,2025-12-08T18:19:21.663837Z,2025-12-08T19:19:21.663837Z,2025-12-08T19:20:12.663837Z,Active Energy Import,1,kWh,1,2.1698573596156283
5,562d78d0-9a63-4283-a55b-fe97f393afe5,imposing-ibis-thick-unic,2025-12-09T22:51:44.663837Z,2025-12-09T23:51:44.663837Z,2025-12-09T23:55:18.663837Z,Active Power,2,kW,2,3.2618290485739987
3,1dc76f88-c58c-41ed-930f-80249b26f147,skilled-mouse-married-pe,2025-12-09T03:07:06.663837Z,2025-12-09T04:07:06.663837Z,2025-12-09T04:08:01.663837Z,Voltage,3,V,3,212.42450696308055
25,d3b99682-d478-4d6f-9a57-ac32627e471c,charming-salmon-alluring,2025-12-10T01:56:21.663837Z,2025-12-10T02:56:21.663837Z,2025-12-10T03:00:18.663837Z,Voltage,3,V,3,239.90939348603428
3,1dc76f88-c58c-41ed-930f-80249b26f147,skilled-mouse-married-pe,2025-12-09T18:07:06.663837Z,2025-12-09T19:07:06.663837Z,2025-12-09T19:11:03.663837Z,Voltage,3,V,3,221.40996915787682
7,7ec388ab-ef57-4cd0-8166-24bca0f9352d,winged-chital-fascinatin,2025-12-10T07:58:24.663837Z,2025-12-10T08:58:24.663837Z,2025-12-10T09:01:41.663837Z,Active Energy Import,1,kWh,1,1.9832722075831366
25,d3b99682-d478-4d6f-9a57-ac32627e471c,charming-salmon-alluring,2025-12-10T07:56:21.663837Z,2025-12-10T08:56:21.663837Z,2025-12-10T09:00:56.663837Z,Voltage,3,V,3,238.1506450062349
12,6b744945-305e-450c-9bb8-55708a02b43b,delightful-numbat-therap,2025-12-09T08:19:21.663837Z,2025-12-09T09:19:21.663837Z,2025-12-09T09:21:36.663837Z,Active Energy Import,1,kWh,1,2.297852495883655
19,5c53ecb7-c068-4ded-819b-d25b04a961ee,daffodil-eagle-outgoing,2025-12-10T00:38:58.663837Z,2025-12-10T01:38:58.663837Z,2025-12-10T01:41:53.663837Z,Current,4,A,4,5.336383594374561
1,cb345846-7a9d-4e68-ac49-ff10ea7e597c,noisy-civet-wise-wolf-ea,2025-12-08T20:52:45.663837Z,2025-12-08T21:52:45.663837Z,2025-12-08T21:57:24.663837Z,Active Energy Import,1,kWh,1,0.6241308142660468
25,d3b99682-d478-4d6f-9a57-ac32627e471c,charming-salmon-alluring,2025-12-10T08:56:21.663837Z,2025-12-10T09:56:21.663837Z,2025-12-10T09:57:05.663837Z,Voltage,3,V,3,246.68978827123902
18,407833b8-9e2c-4a0f-a9fa-0787b87cc227,solid-pigeon-versatile-f,2025-12-09T14:54:04.663837Z,2025-12-09T15:54:04.663837Z,2025-12-09T15:59:01.663837Z,Active Power,2,kW,2,9.844397935315772
10,6cbf975e-4fb3-4a99-8066-0a149d2c05ac,sceptical-gharial-soft-t,2025-12-09T00:45:40.663837Z,2025-12-09T01:45:40.663837Z,2025-12-09T01:48:30.663837Z,Active Energy Import,1,kWh,1,3.018568204729553
9,c3ec0f1e-faa7-4604-8728-02ffbd377578,enlightened-hippo-infrar,2025-12-09T01:51:48.663837Z,2025-12-09T02:51:48.663837Z,2025-12-09T02:53:24.663837Z,Current,4,A,4,12.090703551217423
15,901c7b14-f438-4763-9a4b-839e5ae0ef47,quirky-nightingale-succe,2025-12-10T01:07:54.663837Z,2025-12-10T02:07:54.663837Z,2025-12-10T02:09:19.663837Z,Active Energy Import,1,kWh,1,1.8502654623850194
15,901c7b14-f438-4763-9a4b-839e5ae0ef47,quirky-nightingale-succe,2025-12-08T16:07:54.663837Z,2025-12-08T17:07:54.663837Z,2025-12-08T17:09:49.663837Z,Active Energy Import,1,kWh,1,2.1503497083319316
15,901c7b14-f438-4763-9a4b-839e5ae0ef47,quirky-nightingale-succe,2025-12-08T23:07:54.663837Z,2025-12-09T00:07:54.663837Z,2025-12-09T00:08:42.663837Z,Active Energy Import,1,kWh,1,0.466150508518387
4,c8a8e73a-b416-494e-94e1-7491b26841fe,classic-swallow-hallowed,2025-12-10T11:33:57.663837Z,2025-12-10T12:33:57.663837Z,2025-12-10T12:34:54.663837Z,Active Power,2,kW,2,3.5367863461461835
24,cbe7b26e-e5ec-43c8-9cc3-2a2839ce2152,amazing-macaque-sturdy-d,2025-12-09T23:08:32.663837Z,2025-12-10T00:08:32.663837Z,2025-12-10T00:08:56.663837Z,Voltage,3,V,3,246.52918902679409
16,8f374aae-88ea-4a4f-b17a-09a28bb5edd2,xanthic-curassow-rough-p,2025-12-09T22:46:04.663837Z,2025-12-09T23:46:04.663837Z,2025-12-09T23:49:34.663837Z,Active Power,2,kW,2,5.239625430006316
2,b4d8a596-2928-4ad7-b979-0355d497e87a,impossible-guppy-purple,2025-12-10T07:03:12.663837Z,2025-12-10T08:03:12.663837Z,2025-12-10T08:08:00.663837Z,Active Energy Import,1,kWh,1,1.150573662982885
7,7ec388ab-ef57-4cd0-8166-24bca0f9352d,winged-chital-fascinatin,2025-12-09T07:58:24.663837Z,2025-12-09T08:58:24.663837Z,2025-12-09T08:58:42.663837Z,Active Energy Import,1,kWh,1,0.4197373108100011
19,5c53ecb7-c068-4ded-819b-d25b04a961ee,daffodil-eagle-outgoing,2025-12-09T00:38:58.663837Z,2025-12-09T01:38:58.663837Z,2025-12-09T01:39:12.663837Z,Current,4,A,4,10.236957137481788
3,1dc76f88-c58c-41ed-930f-80249b26f147,skilled-mouse-married-pe,2025-12-09T01:07:06.663837Z,2025-12-09T02:07:06.663837Z,2025-12-09T02:11:10.663837Z,Voltage,3,V,3,244.55346993478412
21,f6fdc037-53d7-4d3e-b26e-487c7210c280,vague-dugong-vagabond-ge,2025-12-10T12:59:27.663837Z,2025-12-10T13:59:27.663837Z,2025-12-10T14:04:27.663837Z,Active Energy Import,1,kWh,1,1.3232795391652723
5,562d78d0-9a63-4283-a55b-fe97f393afe5,imposing-ibis-thick-unic,2025-12-09T21:51:44.663837Z,2025-12-09T22:51:44.663837Z,2025-12-09T22:54:22.663837Z,Active Power,2,kW,2,5.071225040352692
12,6b744945-305e-450c-9bb8-55708a02b43b,delightful-numbat-therap,2025-12-08T19:19:21.663837Z,2025-12-08T20:19:21.663837Z,2025-12-08T20:20:16.663837Z,Active Energy Import,1,kWh,1,3.801848464971327
24,cbe7b26e-e5ec-43c8-9cc3-2a2839ce2152,amazing-macaque-sturdy-d,2025-12-09T09:08:32.663837Z,2025-12-09T10:08:32.663837Z,2025-12-09T10:10:39.663837Z,Voltage,3,V,3,219.69832153641147
19,5c53ecb7-c068-4ded-819b-d25b04a961ee,daffodil-eagle-outgoing,2025-12-09T04:38:58.663837Z,2025-12-09T05:38:58.663837Z,2025-12-09T05:40:05.663837Z,Current,4,A,4,1.909977864754051
10,6cbf975e-4fb3-4a99-8066-0a149d2c05ac,sceptical-gharial-soft-t,2025-12-08T19:45:40.663837Z,2025-12-08T20:45:40.663837Z,2025-12-08T20:49:29.663837Z,Active Energy Import,1,kWh,1,0.6217682908735411
6,dc3631b9-1f85-4689-bd12-5c399dcc05d6,beryl-dormouse-rich-phea,2025-12-10T06:05:53.663837Z,2025-12-10T07:05:53.663837Z,2025-12-10T07:07:56.663837Z,Active Power,2,kW,2,3.830352924313382
18,407833b8-9e2c-4a0f-a9fa-0787b87cc227,solid-pigeon-versatile-f,2025-12-10T00:54:04.663837Z,2025-12-10T01:54:04.663837Z,2025-12-10T01:56:34.663837Z,Active Power,2,kW,2,0.8387512537179009
12,6b744945-305e-450c-9bb8-55708a02b43b,delightful-numbat-therap,2025-12-09T14:19:21.663837Z,2025-12-09T15:19:21.663837Z,2025-12-09T15:23:03.663837Z,Active Energy Import,1,kWh,1,3.4515675623006454
7,7ec388ab-ef57-4cd0-8166-24bca0f9352d,winged-chital-fascinatin,2025-12-10T10:58:24.663837Z,2025-12-10T11:58:24.663837Z,2025-12-10T12:01:03.663837Z,Active Energy Import,1,kWh,1,4.251466195443982
1,cb345846-7a9d-4e68-ac49-ff10ea7e597c,noisy-civet-wise-wolf-ea,2025-12-09T21:52:45.663837Z,2025-12-09T22:52:45.663837Z,2025-12-09T22:56:44.663837Z,Active Energy Import,1,kWh,1,0.7143579522103133
9,c3ec0f1e-faa7-4604-8728-02ffbd377578,enlightened-hippo-infrar,2025-12-09T11:51:48.663837Z,2025-12-09T12:51:48.663837Z,2025-12-09T12:55:57.663837Z,Current,4,A,4,4.563485628996982
17,613be624-235c-4fd2-94f0-4a1400ce1530,attentive-chicken-fresh,2025-12-09T00:55:57.663837Z,2025-12-09T01:55:57.663837Z,2025-12-09T01:59:10.663837Z,Current,4,A,4,33.26786526652486
9,c3ec0f1e-faa7-4604-8728-02ffbd377578,enlightened-hippo-infrar,2025-12-10T01:51:48.663837Z,2025-12-10T02:51:48.663837Z,2025-12-10T02:53:39.663837Z,Current,4,A,4,25.020601216264126
2,b4d8a596-2928-4ad7-b979-0355d497e87a,impossible-guppy-purple,2025-12-10T09:03:12.663837Z,2025-12-10T10:03:12.663837Z,2025-12-10T10:03:47.663837Z,Active Energy Import,1,kWh,1,1.144708919055772
6,dc3631b9-1f85-4689-bd12-5c399dcc05d6,beryl-dormouse-rich-phea,2025-12-10T10:05:53.663837Z,2025-12-10T11:05:53.663837Z,2025-12-10T11:09:30.663837Z,Active Power,2,kW,2,0.6226571058358532
12,6b744945-305e-450c-9bb8-55708a02b43b,delightful-numbat-therap,2025-12-09T00:19:21.663837Z,2025-12-09T01:19:21.663837Z,2025-12-09T01:22:37.663837Z,Active Energy Import,1,kWh,1,2.1534339392770003
20,58f98d07-ed02-4afb-afca-285914108982,sandy-dugong-just-squirr,2025-12-09T09:31:40.663837Z,2025-12-09T10:31:40.663837Z,2025-12-09T10:32:06.663837Z,Voltage,3,V,3,239.07257582844412
2,b4d8a596-2928-4ad7-b979-0355d497e87a,impossible-guppy-purple,2025-12-09T10:03:12.663837Z,2025-12-09T11:03:12.663837Z,2025-12-09T11:04:35.663837Z,Active Energy Import,1,kWh,1,1.8695692629557397
23,7ea2dc57-340e-4c75-a338-d5230c677f7e,manipulative-nautilus-ac,2025-12-09T16:08:27.663837Z,2025-12-09T17:08:27.663837Z,2025-12-09T17:09:59.663837Z,Current,4,A,4,20.96929330498732
13,35c0fc0d-02da-498c-a6b5-43f530bd6f6d,grinning-dinosaur-romant,2025-12-09T22:41:22.663837Z,2025-12-09T23:41:22.663837Z,2025-12-09T23:42:17.663837Z,Active Power,2,kW,2,8.336930832963215
20,58f98d07-ed02-4afb-afca-285914108982,sandy-dugong-just-squirr,2025-12-09T08:31:40.663837Z,2025-12-09T09:31:40.663837Z,2025-12-09T09:35:32.663837Z,Voltage,3,V,3,224.06187935087968
18,407833b8-9e2c-4a0f-a9fa-0787b87cc227,solid-pigeon-versatile-f,2025-12-09T19:54:04.663837Z,2025-12-09T20:54:04.663837Z,2025-12-09T20:55:19.663837Z,Active Power,2,kW,2,8.730019200593471
10,6cbf975e-4fb3-4a99-8066-0a149d2c05ac,sceptical-gharial-soft-t,2025-12-10T00:45:40.663837Z,2025-12-10T01:45:40.663837Z,2025-12-10T01:50:00.663837Z,Active Energy Import,1,kWh,1,3.1270437107250446
16,8f374aae-88ea-4a4f-b17a-09a28bb5edd2,xanthic-curassow-rough-p,2025-12-09T19:46:04.663837Z,2025-12-09T20:46:04.663837Z,2025-12-09T20:50:04.663837Z,Active Power,2,kW,2,8.320259130717071
14,51d4a3f0-bdeb-45b4-8d92-c2f412fbb544,jasper-quetzal-chubby-pa,2025-12-10T03:04:16.663837Z,2025-12-10T04:04:16.663837Z,2025-12-10T04:05:36.663837Z,Active Power,2,kW,2,0.6568223332011391
10,6cbf975e-4fb3-4a99-8066-0a149d2c05ac,sceptical-gharial-soft-t,2025-12-10T05:45:40.663837Z,2025-12-10T06:45:40.663837Z,2025-12-10T06:47:47.663837Z,Active Energy Import,1,kWh,1,3.5489141255012955
16,8f374aae-88ea-4a4f-b17a-09a28bb5edd2,xanthic-curassow-rough-p,2025-12-09T12:46:04.663837Z,2025-12-09T13:46:04.663837Z,2025-12-09T13:46:30.663837Z,Active Power,2,kW,2,4.362195955123122
22,775a8f35-a841-4224-8e9b-e41791a8917b,azure-tuna-benevolent-le,2025-12-09T00:53:11.663837Z,2025-12-09T01:53:11.663837Z,2025-12-09T01:56:10.663837Z,Active Power,2,kW,2,6.066602628206363
16,8f374aae-88ea-4a4f-b17a-09a28bb5edd2,xanthic-curassow-rough-p,2025-12-09T05:46:04.663837Z,2025-12-09T06:46:04.663837Z,2025-12-09T06:47:19.663837Z,Active Power,2,kW,2,7.641608957612477
5,562d78d0-9a63-4283-a55b-fe97f393afe5,imposing-ibis-thick-unic,2025-12-08T21:51:44.663837Z,2025-12-08T22:51:44.663837Z,2025-12-08T22:52:44.663837Z,Active Power,2,kW,2,3.825417225969343
8,715bd6f9-b0af-42e9-a5ea-d37e23e2c042,ebony-cockle-resourceful,2025-12-09T17:15:09.663837Z,2025-12-09T18:15:09.663837Z,2025-12-09T18:18:42.663837Z,Active Energy Import,1,kWh,1,2.442889234243937
2,b4d8a596-2928-4ad7-b979-0355d497e87a,impossible-guppy-purple,2025-12-10T10:03:12.663837Z,2025-12-10T11:03:12.663837Z,2025-12-10T11:03:33.663837Z,Active Energy Import,1,kWh,1,4.298177001268733
11,ad41d5b8-7705-43b9-a904-94c6b4dc9e5c,vehement-cuscus-dazzling,2025-12-09T03:28:34.663837Z,2025-12-09T04:28:34.663837Z,2025-12-09T04:30:43.663837Z,Active Energy Import,1,kWh,1,2.2839323636615676
21,f6fdc037-53d7-4d3e-b26e-487c7210c280,vague-dugong-vagabond-ge,2025-12-09T07:59:27.663837Z,2025-12-09T08:59:27.663837Z,2025-12-09T09:01:33.663837Z,Active Energy Import,1,kWh,1,3.951865304038746
20,58f98d07-ed02-4afb-afca-285914108982,sandy-dugong-just-squirr,2025-12-09T10:31:40.663837Z,2025-12-09T11:31:40.663837Z,2025-12-09T11:34:45.663837Z,Voltage,3,V,3,234.59405928795059
6,dc3631b9-1f85-4689-bd12-5c399dcc05d6,beryl-dormouse-rich-phea,2025-12-09T09:05:53.663837Z,2025-12-09T10:05:53.663837Z,2025-12-09T10:06:00.663837Z,Active Power,2,kW,2,8.926598262113664
17,613be624-235c-4fd2-94f0-4a1400ce1530,attentive-chicken-fresh,2025-12-10T02:55:57.663837Z,2025-12-10T03:55:57.663837Z,2025-12-10T03:56:45.663837Z,Current,4,A,4,12.383275496638436
9,c3ec0f1e-faa7-4604-8728-02ffbd377578,enlightened-hippo-infrar,2025-12-08T23:51:48.663837Z,2025-12-09T00:51:48.663837Z,2025-12-09T00:52:44.663837Z,Current,4,A,4,33.305134533082715
21,f6fdc037-53d7-4d3e-b26e-487c7210c280,vague-dugong-vagabond-ge,2025-12-10T03:59:27.663837Z,2025-12-10T04:59:27.663837Z,2025-12-10T05:00:12.663837Z,Active Energy Import,1,kWh,1,1.2530265449099953
1,cb345846-7a9d-4e68-ac49-ff10ea7e597c,noisy-civet-wise-wolf-ea,2025-12-10T00:52:45.663837Z,2025-12-10T01:52:45.663837Z,2025-12-10T01:56:29.663837Z,Active Energy Import,1,kWh,1,4.4891144180123845
25,d3b99682-d478-4d6f-9a57-ac32627e471c,charming-salmon-alluring,2025-12-09T21:56:21.663837Z,2025-12-09T22:56:21.663837Z,2025-12-09T22:59:05.663837Z,Voltage,3,V,3,237.61161509675256
14,51d4a3f0-bdeb-45b4-8d92-c2f412fbb544,jasper-quetzal-chubby-pa,2025-12-10T06:04:16.663837Z,2025-12-10T07:04:16.663837Z,2025-12-10T07:07:36.663837Z,Active Power,2,kW,2,9.946277558609236
8,715bd6f9-b0af-42e9-a5ea-d37e23e2c042,ebony-cockle-resourceful,2025-12-08T22:15:09.663837Z,2025-12-08T23:15:09.663837Z,2025-12-08T23:19:09.663837Z,Active Energy Import,1,kWh,1,3.536543218530385
18,407833b8-9e2c-4a0f-a9fa-0787b87cc227,solid-pigeon-versatile-f,2025-12-09T10:54:04.663837Z,2025-12-09T11:54:04.663837Z,2025-12-09T11:57:58.663837Z,Active Power,2,kW,2,2.3400294433542443
2,b4d8a596-2928-4ad7-b979-0355d497e87a,impossible-guppy-purple,2025-12-09T03:03:12.663837Z,2025-12-09T04:03:12.663837Z,2025-12-09T04:06:59.663837Z,Active Energy Import,1,kWh,1,0.7907887717233486
7,7ec388ab-ef57-4cd0-8166-24bca0f9352d,winged-chital-fascinatin,2025-12-10T08:58:24.663837Z,2025-12-10T09:58:24.663837Z,2025-12-10T10:00:10.663837Z,Active Energy Import,1,kWh,1,0.3799823892152998
13,35c0fc0d-02da-498c-a6b5-43f530bd6f6d,grinning-dinosaur-romant,2025-12-08T20:41:22.663837Z,2025-12-08T21:41:22.663837Z,2025-12-08T21:45:33.663837Z,Active Power,2,kW,2,9.673840761668123
15,901c7b14-f438-4763-9a4b-839e5ae0ef47,quirky-nightingale-succe,2025-12-09T11:07:54.663837Z,2025-12-09T12:07:54.663837Z,2025-12-09T12:10:58.663837Z,Active Energy Import,1,kWh,1,4.226867093006725
20,58f98d07-ed02-4afb-afca-285914108982,sandy-dugong-just-squirr,2025-12-09T00:31:40.663837Z,2025-12-09T01:31:40.663837Z,2025-12-09T01:36:10.663837Z,Voltage,3,V,3,220.66882783208732
18,407833b8-9e2c-4a0f-a9fa-0787b87cc227,solid-pigeon-versatile-f,2025-12-10T12:54:04.663837Z,2025-12-10T13:54:04.663837Z,2025-12-10T13:55:19.663837Z,Active Power,2,kW,2,0.3830319111704372
2,b4d8a596-2928-4ad7-b979-0355d497e87a,impossible-guppy-purple,2025-12-08T23:03:12.663837Z,2025-12-09T00:03:12.663837Z,2025-12-09T00:03:22.663837Z,Active Energy Import,1,kWh,1,3.4014170512825928
14,51d4a3f0-bdeb-45b4-8d92-c2f412fbb544,jasper-quetzal-chubby-pa,2025-12-09T14:04:16.663837Z,2025-12-09T15:04:16.663837Z,2025-12-09T15:07:56.663837Z,Active Power,2,kW,2,5.260855265978671
3,1dc76f88-c58c-41ed-930f-80249b26f147,skilled-mouse-married-pe,2025-12-09T11:07:06.663837Z,2025-12-09T12:07:06.663837Z,2025-12-09T12:11:47.663837Z,Voltage,3,V,3,243.44110340319807
15,901c7b14-f438-4763-9a4b-839e5ae0ef47,quirky-nightingale-succe,2025-12-09T10:07:54.663837Z,2025-12-09T11:07:54.663837Z,2025-12-09T11:09:53.663837Z,Active Energy Import,1,kWh,1,4.236374240674763
9,c3ec0f1e-faa7-4604-8728-02ffbd377578,enlightened-hippo-infrar,2025-12-09T16:51:48.663837Z,2025-12-09T17:51:48.663837Z,2025-12-09T17:52:36.663837Z,Current,4,A,4,39.756724908408806
12,6b744945-305e-450c-9bb8-55708a02b43b,delightful-numbat-therap,2025-12-08T21:19:21.663837Z,2025-12-08T22:19:21.663837Z,2025-12-08T22:21:59.663837Z,Active Energy Import,1,kWh,1,4.51712031025243
18,407833b8-9e2c-4a0f-a9fa-0787b87cc227,solid-pigeon-versatile-f,2025-12-10T08:54:04.663837Z,2025-12-10T09:54:04.663837Z,2025-12-10T09:57:26.663837Z,Active Power,2,kW,2,9.945253512382912
3,1dc76f88-c58c-41ed-930f-80249b26f147,skilled-mouse-married-pe,2025-12-08T22:07:06.663837Z,2025-12-08T23:07:06.663837Z,2025-12-08T23:10:39.663837Z,Voltage,3,V,3,217.61639657447512
5,562d78d0-9a63-4283-a55b-fe97f393afe5,imposing-ibis-thick-unic,2025-12-09T06:51:44.663837Z,2025-12-09T07:51:44.663837Z,2025-12-09T07:56:23.663837Z,Active Power,2,kW,2,3.3114986821440704
18,407833b8-9e2c-4a0f-a9fa-0787b87cc227,solid-pigeon-versatile-f,2025-12-09T00:54:04.663837Z,2025-12-09T01:54:04.663837Z,2025-12-09T01:55:00.663837Z,Active Power,2,kW,2,5.076897127246463
22,775a8f35-a841-4224-8e9b-e41791a8917b,azure-tuna-benevolent-le,2025-12-09T18:53:11.663837Z,2025-12-09T19:53:11.663837Z,2025-12-09T19:54:02.663837Z,Active Power,2,kW,2,9.452328040692372
13,35c0fc0d-02da-498c-a6b5-43f530bd6f6d,grinning-dinosaur-romant,2025-12-08T21:41:22.663837Z,2025-12-08T22:41:22.663837Z,2025-12-08T22:43:58.663837Z,Active Power,2,kW,2,7.465593507170451
19,5c53ecb7-c068-4ded-819b-d25b04a961ee,daffodil-eagle-outgoing,2025-12-10T08:38:58.663837Z,2025-12-10T09:38:58.663837Z,2025-12-10T09:40:45.663837Z,Current,4,A,4,35.4316154247242
20,58f98d07-ed02-4afb-afca-285914108982,sandy-dugong-just-squirr,2025-12-09T18:31:40.663837Z,2025-12-09T19:31:40.663837Z,2025-12-09T19:34:52.663837Z,Voltage,3,V,3,224.48602330173682
18,407833b8-9e2c-4a0f-a9fa-0787b87cc227,solid-pigeon-versatile-f,2025-12-10T11:54:04.663837Z,2025-12-10T12:54:04.663837Z,2025-12-10T12:57:00.663837Z,Active Power,2,kW,2,7.91380637482176
17,613be624-235c-4fd2-94f0-4a1400ce1530,attentive-chicken-fresh,2025-12-08T21:55:57.663837Z,2025-12-08T22:55:57.663837Z,2025-12-08T22:56:30.663837Z,Current,4,A,4,14.077688904803063
3,1dc76f88-c58c-41ed-930f-80249b26f147,skilled-mouse-married-pe,2025-12-09T09:07:06.663837Z,2025-12-09T10:07:06.663837Z,2025-12-09T10:07:49.663837Z,Voltage,3,V,3,227.72522980213827
23,7ea2dc57-340e-4c75-a338-d5230c677f7e,manipulative-nautilus-ac,2025-12-09T08:08:27.663837Z,2025-12-09T09:08:27.663837Z,2025-12-09T09:13:20.663837Z,Current,4,A,4,11.991622589496549
24,cbe7b26e-e5ec-43c8-9cc3-2a2839ce2152,amazing-macaque-sturdy-d,2025-12-09T08:08:32.663837Z,2025-12-09T09:08:32.663837Z,2025-12-09T09:09:47.663837Z,Voltage,3,V,3,214.3690632628432
21,f6fdc037-53d7-4d3e-b26e-487c7210c280,vague-dugong-vagabond-ge,2025-12-09T09:59:27.663837Z,2025-12-09T10:59:27.663837Z,2025-12-09T11:04:25.663837Z,Active Energy Import,1,kWh,1,1.8445558275061036
6,dc3631b9-1f85-4689-bd12-5c399dcc05d6,beryl-dormouse-rich-phea,2025-12-10T04:05:53.663837Z,2025-12-10T05:05:53.663837Z,2025-12-10T05:08:41.663837Z,Active Power,2,kW,2,8.930268327903168
7,7ec388ab-ef57-4cd0-8166-24bca0f9352d,winged-chital-fascinatin,2025-12-09T04:58:24.663837Z,2025-12-09T05:58:24.663837Z,2025-12-09T06:02:28.663837Z,Active Energy Import,1,kWh,1,4.59770810334488
15,901c7b14-f438-4763-9a4b-839e5ae0ef47,quirky-nightingale-succe,2025-12-09T09:07:54.663837Z,2025-12-09T10:07:54.663837Z,2025-12-09T10:09:18.663837Z,Active Energy Import,1,kWh,1,3.2836815149407608
12,6b744945-305e-450c-9bb8-55708a02b43b,delightful-numbat-therap,2025-12-09T23:19:21.663837Z,2025-12-10T00:19:21.663837Z,2025-12-10T00:19:51.663837Z,Active Energy Import,1,kWh,1,4.5530847685935525
11,ad41d5b8-7705-43b9-a904-94c6b4dc9e5c,vehement-cuscus-dazzling,2025-12-09T11:28:34.663837Z,2025-12-09T12:28:34.663837Z,2025-12-09T12:31:11.663837Z,Active Energy Import,1,kWh,1,4.187379613032107
17,613be624-235c-4fd2-94f0-4a1400ce1530,attentive-chicken-fresh,2025-12-10T09:55:57.663837Z,2025-12-10T10:55:57.663837Z,2025-12-10T10:58:56.663837Z,Current,4,A,4,37.906730701373874
20,58f98d07-ed02-4afb-afca-285914108982,sandy-dugong-just-squirr,2025-12-10T03:31:40.663837Z,2025-12-10T04:31:40.663837Z,2025-12-10T04:36:00.663837Z,Voltage,3,V,3,230.7098109683357
19,5c53ecb7-c068-4ded-819b-d25b04a961ee,daffodil-eagle-outgoing,2025-12-10T10:38:58.663837Z,2025-12-10T11:38:58.663837Z,2025-12-10T11:43:26.663837Z,Current,4,A,4,15.928962227440682
7,7ec388ab-ef57-4cd0-8166-24bca0f9352d,winged-chital-fascinatin,2025-12-10T04:58:24.663837Z,2025-12-10T05:58:24.663837Z,2025-12-10T05:59:52.663837Z,Active Energy Import,1,kWh,1,4.823603865170439
10,6cbf975e-4fb3-4a99-8066-0a149d2c05ac,sceptical-gharial-soft-t,2025-12-08T17:45:40.663837Z,2025-12-08T18:45:40.663837Z,2025-12-08T18:48:22.663837Z,Active Energy Import,1,kWh,1,2.9752201865970234
7,7ec388ab-ef57-4cd0-8166-24bca0f9352d,winged-chital-fascinatin,2025-12-09T13:58:24.663837Z,2025-12-09T14:58:24.663837Z,2025-12-09T15:01:43.663837Z,Active Energy Import,1,kWh,1,1.39128307819403
14,51d4a3f0-bdeb-45b4-8d92-c2f412fbb544,jasper-quetzal-chubby-pa,2025-12-09T13:04:16.663837Z,2025-12-09T14:04:16.663837Z,2025-12-09T14:04:47.663837Z,Active Power,2,kW,2,1.2675854371278028
16,8f374aae-88ea-4a4f-b17a-09a28bb5edd2,xanthic-curassow-rough-p,2025-12-10T06:46:04.663837Z,2025-12-10T07:46:04.663837Z,2025-12-10T07:47:23.663837Z,Active Power,2,kW,2,2.5596822200172986
5,562d78d0-9a63-4283-a55b-fe97f393afe5,imposing-ibis-thick-unic,2025-12-10T03:51:44.663837Z,2025-12-10T04:51:44.663837Z,2025-12-10T04:54:23.663837Z,Active Power,2,kW,2,4.060751687581629
21,f6fdc037-53d7-4d3e-b26e-487c7210c280,vague-dugong-vagabond-ge,2025-12-09T11:59:27.663837Z,2025-12-09T12:59:27.663837Z,2025-12-09T13:00:16.663837Z,Active Energy Import,1,kWh,1,0.3287405263368304
21,f6fdc037-53d7-4d3e-b26e-487c7210c280,vague-dugong-vagabond-ge,2025-12-09T18:59:27.663837Z,2025-12-09T19:59:27.663837Z,2025-12-09T20:03:56.663837Z,Active Energy Import,1,kWh,1,1.7225739035134984
25,d3b99682-d478-4d6f-9a57-ac32627e471c,charming-salmon-alluring,2025-12-09T10:56:21.663837Z,2025-12-09T11:56:21.663837Z,2025-12-09T11:58:00.663837Z,Voltage,3,V,3,249.26740769762154
3,1dc76f88-c58c-41ed-930f-80249b26f147,skilled-mouse-married-pe,2025-12-09T12:07:06.663837Z,2025-12-09T13:07:06.663837Z,2025-12-09T13:07:58.663837Z,Voltage,3,V,3,247.0546793203251
3,1dc76f88-c58c-41ed-930f-80249b26f147,skilled-mouse-married-pe,2025-12-09T23:07:06.663837Z,2025-12-10T00:07:06.663837Z,2025-12-10T00:11:48.663837Z,Voltage,3,V,3,212.43830285906063
5,562d78d0-9a63-4283-a55b-fe97f393afe5,imposing-ibis-thick-unic,2025-12-09T14:51:44.663837Z,2025-12-09T15:51:44.663837Z,2025-12-09T15:52:11.663837Z,Active Power,2,kW,2,7.087852838341706
12,6b744945-305e-450c-9bb8-55708a02b43b,delightful-numbat-therap,2025-12-08T17:19:21.663837Z,2025-12-08T18:19:21.663837Z,2025-12-08T18:21:53.663837Z,Active Energy Import,1,kWh,1,4.987129614781077
13,35c0fc0d-02da-498c-a6b5-43f530bd6f6d,grinning-dinosaur-romant,2025-12-10T00:41:22.663837Z,2025-12-10T01:41:22.663837Z,2025-12-10T01:43:50.663837Z,Active Power,2,kW,2,0.32716286855046905
17,613be624-235c-4fd2-94f0-4a1400ce1530,attentive-chicken-fresh,2025-12-09T20:55:57.663837Z,2025-12-09T21:55:57.663837Z,2025-12-09T21:56:50.663837Z,Current,4,A,4,22.318528496736093
24,cbe7b26e-e5ec-43c8-9cc3-2a2839ce2152,amazing-macaque-sturdy-d,2025-12-10T02:08:32.663837Z,2025-12-10T03:08:32.663837Z,2025-12-10T03:08:55.663837Z,Voltage,3,V,3,249.8868721235404
22,775a8f35-a841-4224-8e9b-e41791a8917b,azure-tuna-benevolent-le,2025-12-09T07:53:11.663837Z,2025-12-09T08:53:11.663837Z,2025-12-09T08:54:18.663837Z,Active Power,2,kW,2,2.674716744541824
23,7ea2dc57-340e-4c75-a338-d5230c677f7e,manipulative-nautilus-ac,2025-12-09T20:08:27.663837Z,2025-12-09T21:08:27.663837Z,2025-12-09T21:12:17.663837Z,Current,4,A,4,12.547699337834208
21,f6fdc037-53d7-4d3e-b26e-487c7210c280,vague-dugong-vagabond-ge,2025-12-09T00:59:27.663837Z,2025-12-09T01:59:27.663837Z,2025-12-09T02:02:15.663837Z,Active Energy Import,1,kWh,1,3.3391989524448396
1,cb345846-7a9d-4e68-ac49-ff10ea7e597c,noisy-civet-wise-wolf-ea,2025-12-09T08:52:45.663837Z,2025-12-09T09:52:45.663837Z,2025-12-09T09:53:26.663837Z,Active Energy Import,1,kWh,1,3.045655028334941
1,cb345846-7a9d-4e68-ac49-ff10ea7e597c,noisy-civet-wise-wolf-ea,2025-12-09T03:52:45.663837Z,2025-12-09T04:52:45.663837Z,2025-12-09T04:53:41.663837Z,Active Energy Import,1,kWh,1,1.9006311251958308
11,ad41d5b8-7705-43b9-a904-94c6b4dc9e5c,vehement-cuscus-dazzling,2025-12-09T17:28:34.663837Z,2025-12-09T18:28:34.663837Z,2025-12-09T18:30:41.663837Z,Active Energy Import,1,kWh,1,2.8589882099245054
15,901c7b14-f438-4763-9a4b-839e5ae0ef47,quirky-nightingale-succe,2025-12-08T19:07:54.663837Z,2025-12-08T20:07:54.663837Z,2025-12-08T20:08:47.663837Z,Active Energy Import,1,kWh,1,1.562741749985665
23,7ea2dc57-340e-4c75-a338-d5230c677f7e,manipulative-nautilus-ac,2025-12-09T22:08:27.663837Z,2025-12-09T23:08:27.663837Z,2025-12-09T23:10:16.663837Z,Current,4,A,4,16.415096372908202
18,407833b8-9e2c-4a0f-a9fa-0787b87cc227,solid-pigeon-versatile-f,2025-12-09T07:54:04.663837Z,2025-12-09T08:54:04.663837Z,2025-12-09T08:54:31.663837Z,Active Power,2,kW,2,4.108586114965335
19,5c53ecb7-c068-4ded-819b-d25b04a961ee,daffodil-eagle-outgoing,2025-12-09T06:38:58.663837Z,2025-12-09T07:38:58.663837Z,2025-12-09T07:42:57.663837Z,Current,4,A,4,2.512286040442553
13,35c0fc0d-02da-498c-a6b5-43f530bd6f6d,grinning-dinosaur-romant,2025-12-09T09:41:22.663837Z,2025-12-09T10:41:22.663837Z,2025-12-09T10:43:26.663837Z,Active Power,2,kW,2,4.714768679814386
13,35c0fc0d-02da-498c-a6b5-43f530bd6f6d,grinning-dinosaur-romant,2025-12-09T04:41:22.663837Z,2025-12-09T05:41:22.663837Z,2025-12-09T05:44:49.663837Z,Active Power,2,kW,2,0.13918655100901178
16,8f374aae-88ea-4a4f-b17a-09a28bb5edd2,xanthic-curassow-rough-p,2025-12-10T03:46:04.663837Z,2025-12-10T04:46:04.663837Z,2025-12-10T04:47:48.663837Z,Active Power,2,kW,2,9.059227315800504
17,613be624-235c-4fd2-94f0-4a1400ce1530,attentive-chicken-fresh,2025-12-09T07:55:57.663837Z,2025-12-09T08:55:57.663837Z,2025-12-09T08:58:46.663837Z,Current,4,A,4,24.20023336280257
16,8f374aae-88ea-4a4f-b17a-09a28bb5edd2,xanthic-curassow-rough-p,2025-12-10T04:46:04.663837Z,2025-12-10T05:46:04.663837Z,2025-12-10T05:49:07.663837Z,Active Power,2,kW,2,3.5109973495736044
25,d3b99682-d478-4d6f-9a57-ac32627e471c,charming-salmon-alluring,2025-12-08T22:56:21.663837Z,2025-12-08T23:56:21.663837Z,2025-12-09T00:00:54.663837Z,Voltage,3,V,3,229.75649681367275
10,6cbf975e-4fb3-4a99-8066-0a149d2c05ac,sceptical-gharial-soft-t,2025-12-09T13:45:40.663837Z,2025-12-09T14:45:40.663837Z,2025-12-09T14:48:33.663837Z,Active Energy Import,1,kWh,1,2.0582254489389684
12,6b744945-305e-450c-9bb8-55708a02b43b,delightful-numbat-therap,2025-12-09T19:19:21.663837Z,2025-12-09T20:19:21.663837Z,2025-12-09T20:24:20.663837Z,Active Energy Import,1,kWh,1,1.479361951078923
13,35c0fc0d-02da-498c-a6b5-43f530bd6f6d,grinning-dinosaur-romant,2025-12-10T03:41:22.663837Z,2025-12-10T04:41:22.663837Z,2025-12-10T04:44:32.663837Z,Active Power,2,kW,2,0.9935462460613032
25,d3b99682-d478-4d6f-9a57-ac32627e471c,charming-salmon-alluring,2025-12-09T07:56:21.663837Z,2025-12-09T08:56:21.663837Z,2025-12-09T08:59:53.663837Z,Voltage,3,V,3,243.0795930110524
1,cb345846-7a9d-4e68-ac49-ff10ea7e597c,noisy-civet-wise-wolf-ea,2025-12-09T00:52:45.663837Z,2025-12-09T01:52:45.663837Z,2025-12-09T01:53:25.663837Z,Active Energy Import,1,kWh,1,0.22912191827831108
4,c8a8e73a-b416-494e-94e1-7491b26841fe,classic-swallow-hallowed,2025-12-10T08:33:57.663837Z,2025-12-10T09:33:57.663837Z,2025-12-10T09:34:23.663837Z,Active Power,2,kW,2,3.082583499301337
2,b4d8a596-2928-4ad7-b979-0355d497e87a,impossible-guppy-purple,2025-12-10T01:03:12.663837Z,2025-12-10T02:03:12.663837Z,2025-12-10T02:04:59.663837Z,Active Energy Import,1,kWh,1,3.5647448640956094
6,dc3631b9-1f85-4689-bd12-5c399dcc05d6,beryl-dormouse-rich-phea,2025-12-10T09:05:53.663837Z,2025-12-10T10:05:53.663837Z,2025-12-10T10:08:47.663837Z,Active Power,2,kW,2,5.426111405039153
17,613be624-235c-4fd2-94f0-4a1400ce1530,attentive-chicken-fresh,2025-12-08T23:55:57.663837Z,2025-12-09T00:55:57.663837Z,2025-12-09T00:59:53.663837Z,Current,4,A,4,1.504289822843683
4,c8a8e73a-b416-494e-94e1-7491b26841fe,classic-swallow-hallowed,2025-12-09T18:33:57.663837Z,2025-12-09T19:33:57.663837Z,2025-12-09T19:35:46.663837Z,Active Power,2,kW,2,6.874971288013305
21,f6fdc037-53d7-4d3e-b26e-487c7210c280,vague-dugong-vagabond-ge,2025-12-09T03:59:27.663837Z,2025-12-09T04:59:27.663837Z,2025-12-09T05:00:52.663837Z,Active Energy Import,1,kWh,1,3.5590455200360633
1,cb345846-7a9d-4e68-ac49-ff10ea7e597c,noisy-civet-wise-wolf-ea,2025-12-08T21:52:45.663837Z,2025-12-08T22:52:45.663837Z,2025-12-08T22:56:03.663837Z,Active Energy Import,1,kWh,1,0.39400099039229086
22,775a8f35-a841-4224-8e9b-e41791a8917b,azure-tuna-benevolent-le,2025-12-10T05:53:11.663837Z,2025-12-10T06:53:11.663837Z,2025-12-10T06:58:03.663837Z,Active Power,2,kW,2,1.9465530188771907
18,407833b8-9e2c-4a0f-a9fa-0787b87cc227,solid-pigeon-versatile-f,2025-12-09T01:54:04.663837Z,2025-12-09T02:54:04.663837Z,2025-12-09T02:58:45.663837Z,Active Power,2,kW,2,8.351198266345559
2,b4d8a596-2928-4ad7-b979-0355d497e87a,impossible-guppy-purple,2025-12-10T08:03:12.663837Z,2025-12-10T09:03:12.663837Z,2025-12-10T09:05:09.663837Z,Active Energy Import,1,kWh,1,0.0359541949254677
23,7ea2dc57-340e-4c75-a338-d5230c677f7e,manipulative-nautilus-ac,2025-12-08T20:08:27.663837Z,2025-12-08T21:08:27.663837Z,2025-12-08T21:11:25.663837Z,Current,4,A,4,22.313273530885148
14,51d4a3f0-bdeb-45b4-8d92-c2f412fbb544,jasper-quetzal-chubby-pa,2025-12-09T10:04:16.663837Z,2025-12-09T11:04:16.663837Z,2025-12-09T11:07:24.663837Z,Active Power,2,kW,2,7.899846642347539
2,b4d8a596-2928-4ad7-b979-0355d497e87a,impossible-guppy-purple,2025-12-09T16:03:12.663837Z,2025-12-09T17:03:12.663837Z,2025-12-09T17:05:20.663837Z,Active Energy Import,1,kWh,1,4.390047996020202
18,407833b8-9e2c-4a0f-a9fa-0787b87cc227,solid-pigeon-versatile-f,2025-12-10T01:54:04.663837Z,2025-12-10T02:54:04.663837Z,2025-12-10T02:55:31.663837Z,Active Power,2,kW,2,2.727912995913566
14,51d4a3f0-bdeb-45b4-8d92-c2f412fbb544,jasper-quetzal-chubby-pa,2025-12-10T05:04:16.663837Z,2025-12-10T06:04:16.663837Z,2025-12-10T06:09:01.663837Z,Active Power,2,kW,2,7.121527964263069
21,f6fdc037-53d7-4d3e-b26e-487c7210c280,vague-dugong-vagabond-ge,2025-12-09T15:59:27.663837Z,2025-12-09T16:59:27.663837Z,2025-12-09T17:00:09.663837Z,Active Energy Import,1,kWh,1,0.6266339112959701
18,407833b8-9e2c-4a0f-a9fa-0787b87cc227,solid-pigeon-versatile-f,2025-12-10T02:54:04.663837Z,2025-12-10T03:54:04.663837Z,2025-12-10T03:58:31.663837Z,Active Power,2,kW,2,1.473486559916043
14,51d4a3f0-bdeb-45b4-8d92-c2f412fbb544,jasper-quetzal-chubby-pa,2025-12-10T09:04:16.663837Z,2025-12-10T10:04:16.663837Z,2025-12-10T10:05:11.663837Z,Active Power,2,kW,2,7.930960931016461
22,775a8f35-a841-4224-8e9b-e41791a8917b,azure-tuna-benevolent-le,2025-12-09T17:53:11.663837Z,2025-12-09T18:53:11.663837Z,2025-12-09T18:55:53.663837Z,Active Power,2,kW,2,4.9737027304750905
5,562d78d0-9a63-4283-a55b-fe97f393afe5,imposing-ibis-thick-unic,2025-12-09T04:51:44.663837Z,2025-12-09T05:51:44.663837Z,2025-12-09T05:54:11.663837Z,Active Power,2,kW,2,3.5114612908275222
10,6cbf975e-4fb3-4a99-8066-0a149d2c05ac,sceptical-gharial-soft-t,2025-12-08T15:45:40.663837Z,2025-12-08T16:45:40.663837Z,2025-12-08T16:48:01.663837Z,Active Energy Import,1,kWh,1,4.133155798250298
5,562d78d0-9a63-4283-a55b-fe97f393afe5,imposing-ibis-thick-unic,2025-12-09T03:51:44.663837Z,2025-12-09T04:51:44.663837Z,2025-12-09T04:54:11.663837Z,Active Power,2,kW,2,8.643529420302864
23,7ea2dc57-340e-4c75-a338-d5230c677f7e,manipulative-nautilus-ac,2025-12-09T17:08:27.663837Z,2025-12-09T18:08:27.663837Z,2025-12-09T18:11:46.663837Z,Current,4,A,4,5.911028332013273
13,35c0fc0d-02da-498c-a6b5-43f530bd6f6d,grinning-dinosaur-romant,2025-12-09T12:41:22.663837Z,2025-12-09T13:41:22.663837Z,2025-12-09T13:45:24.663837Z,Active Power,2,kW,2,9.093876384278921
17,613be624-235c-4fd2-94f0-4a1400ce1530,attentive-chicken-fresh,2025-12-09T11:55:57.663837Z,2025-12-09T12:55:57.663837Z,2025-12-09T12:56:45.663837Z,Current,4,A,4,20.181960060038296
25,d3b99682-d478-4d6f-9a57-ac32627e471c,charming-salmon-alluring,2025-12-10T09:56:21.663837Z,2025-12-10T10:56:21.663837Z,2025-12-10T10:57:23.663837Z,Voltage,3,V,3,212.47032190226736
7,7ec388ab-ef57-4cd0-8166-24bca0f9352d,winged-chital-fascinatin,2025-12-09T18:58:24.663837Z,2025-12-09T19:58:24.663837Z,2025-12-09T19:59:04.663837Z,Active Energy Import,1,kWh,1,3.9061652480544744
9,c3ec0f1e-faa7-4604-8728-02ffbd377578,enlightened-hippo-infrar,2025-12-09T22:51:48.663837Z,2025-12-09T23:51:48.663837Z,2025-12-09T23:55:32.663837Z,Current,4,A,4,12.215209772774415
18,407833b8-9e2c-4a0f-a9fa-0787b87cc227,solid-pigeon-versatile-f,2025-12-09T18:54:04.663837Z,2025-12-09T19:54:04.663837Z,2025-12-09T19:55:51.663837Z,Active Power,2,kW,2,8.012592241515476
17,613be624-235c-4fd2-94f0-4a1400ce1530,attentive-chicken-fresh,2025-12-10T00:55:57.663837Z,2025-12-10T01:55:57.663837Z,2025-12-10T01:58:40.663837Z,Current,4,A,4,38.70786030770979
15,901c7b14-f438-4763-9a4b-839e5ae0ef47,quirky-nightingale-succe,2025-12-08T18:07:54.663837Z,2025-12-08T19:07:54.663837Z,2025-12-08T19:11:51.663837Z,Active Energy Import,1,kWh,1,1.9936509212847664
13,35c0fc0d-02da-498c-a6b5-43f530bd6f6d,grinning-dinosaur-romant,2025-12-09T21:41:22.663837Z,2025-12-09T22:41:22.663837Z,2025-12-09T22:42:46.663837Z,Active Power,2,kW,2,8.854137838995793
7,7ec388ab-ef57-4cd0-8166-24bca0f9352d,winged-chital-fascinatin,2025-12-09T06:58:24.663837Z,2025-12-09T07:58:24.663837Z,2025-12-09T08:01:50.663837Z,Active Energy Import,1,kWh,1,2.9594638781395544
15,901c7b14-f438-4763-9a4b-839e5ae0ef47,quirky-nightingale-succe,2025-12-09T14:07:54.663837Z,2025-12-09T15:07:54.663837Z,2025-12-09T15:11:38.663837Z,Active Energy Import,1,kWh,1,4.22577580664179
23,7ea2dc57-340e-4c75-a338-d5230c677f7e,manipulative-nautilus-ac,2025-12-09T21:08:27.663837Z,2025-12-09T22:08:27.663837Z,2025-12-09T22:09:49.663837Z,Current,4,A,4,16.518404391557056
23,7ea2dc57-340e-4c75-a338-d5230c677f7e,manipulative-nautilus-ac,2025-12-09T19:08:27.663837Z,2025-12-09T20:08:27.663837Z,2025-12-09T20:09:28.663837Z,Current,4,A,4,7.631373113077093
9,c3ec0f1e-faa7-4604-8728-02ffbd377578,enlightened-hippo-infrar,2025-12-09T14:51:48.663837Z,2025-12-09T15:51:48.663837Z,2025-12-09T15:52:20.663837Z,Current,4,A,4,6.069080278038257
6,dc3631b9-1f85-4689-bd12-5c399dcc05d6,beryl-dormouse-rich-phea,2025-12-08T21:05:53.663837Z,2025-12-08T22:05:53.663837Z,2025-12-08T22:07:47.663837Z,Active Power,2,kW,2,5.111739968745871
4,c8a8e73a-b416-494e-94e1-7491b26841fe,classic-swallow-hallowed,2025-12-10T10:33:57.663837Z,2025-12-10T11:33:57.663837Z,2025-12-10T11:35:49.663837Z,Active Power,2,kW,2,6.820666883105765
8,715bd6f9-b0af-42e9-a5ea-d37e23e2c042,ebony-cockle-resourceful,2025-12-09T13:15:09.663837Z,2025-12-09T14:15:09.663837Z,2025-12-09T14:18:08.663837Z,Active Energy Import,1,kWh,1,1.3982924401879298
11,ad41d5b8-7705-43b9-a904-94c6b4dc9e5c,vehement-cuscus-dazzling,2025-12-09T23:28:34.663837Z,2025-12-10T00:28:34.663837Z,2025-12-10T00:28:57.663837Z,Active Energy Import,1,kWh,1,0.6312313490469434
15,901c7b14-f438-4763-9a4b-839e5ae0ef47,quirky-nightingale-succe,2025-12-10T00:07:54.663837Z,2025-12-10T01:07:54.663837Z,2025-12-10T01:11:33.663837Z,Active Energy Import,1,kWh,1,2.268228953365087
15,901c7b14-f438-4763-9a4b-839e5ae0ef47,quirky-nightingale-succe,2025-12-10T05:07:54.663837Z,2025-12-10T06:07:54.663837Z,2025-12-10T06:08:24.663837Z,Active Energy Import,1,kWh,1,3.3698435530655653
15,901c7b14-f438-4763-9a4b-839e5ae0ef47,quirky-nightingale-succe,2025-12-08T21:07:54.663837Z,2025-12-08T22:07:54.663837Z,2025-12-08T22:11:10.663837Z,Active Energy Import,1,kWh,1,4.7679625880956245
24,cbe7b26e-e5ec-43c8-9cc3-2a2839ce2152,amazing-macaque-sturdy-d,2025-12-09T19:08:32.663837Z,2025-12-09T20:08:32.663837Z,2025-12-09T20:11:04.663837Z,Voltage,3,V,3,222.84670808476668
23,7ea2dc57-340e-4c75-a338-d5230c677f7e,manipulative-nautilus-ac,2025-12-09T02:08:27.663837Z,2025-12-09T03:08:27.663837Z,2025-12-09T03:12:57.663837Z,Current,4,A,4,18.27954237131496
4,c8a8e73a-b416-494e-94e1-7491b26841fe,classic-swallow-hallowed,2025-12-10T03:33:57.663837Z,2025-12-10T04:33:57.663837Z,2025-12-10T04:37:40.663837Z,Active Power,2,kW,2,5.609068647747463
22,775a8f35-a841-4224-8e9b-e41791a8917b,azure-tuna-benevolent-le,2025-12-08T22:53:11.663837Z,2025-12-08T23:53:11.663837Z,2025-12-08T23:54:36.663837Z,Active Power,2,kW,2,4.39605499920411
15,901c7b14-f438-4763-9a4b-839e5ae0ef47,quirky-nightingale-succe,2025-12-09T07:07:54.663837Z,2025-12-09T08:07:54.663837Z,2025-12-09T08:10:38.663837Z,Active Energy Import,1,kWh,1,1.758230928465745
25,d3b99682-d478-4d6f-9a57-ac32627e471c,charming-salmon-alluring,2025-12-09T04:56:21.663837Z,2025-12-09T05:56:21.663837Z,2025-12-09T05:59:18.663837Z,Voltage,3,V,3,241.63070657701024
22,775a8f35-a841-4224-8e9b-e41791a8917b,azure-tuna-benevolent-le,2025-12-08T21:53:11.663837Z,2025-12-08T22:53:11.663837Z,2025-12-08T22:53:53.663837Z,Active Power,2,kW,2,6.886135716729837
9,c3ec0f1e-faa7-4604-8728-02ffbd377578,enlightened-hippo-infrar,2025-12-08T21:51:48.663837Z,2025-12-08T22:51:48.663837Z,2025-12-08T22:54:14.663837Z,Current,4,A,4,28.983400043722064
20,58f98d07-ed02-4afb-afca-285914108982,sandy-dugong-just-squirr,2025-12-10T01:31:40.663837Z,2025-12-10T02:31:40.663837Z,2025-12-10T02:33:52.663837Z,Voltage,3,V,3,248.42080209059972
20,58f98d07-ed02-4afb-afca-285914108982,sandy-dugong-just-squirr,2025-12-10T06:31:40.663837Z,2025-12-10T07:31:40.663837Z,2025-12-10T07:33:34.663837Z,Voltage,3,V,3,249.85460448619042
9,c3ec0f1e-faa7-4604-8728-02ffbd377578,enlightened-hippo-infrar,2025-12-09T04:51:48.663837Z,2025-12-09T05:51:48.663837Z,2025-12-09T05:56:36.663837Z,Current,4,A,4,11.685465782111102
13,35c0fc0d-02da-498c-a6b5-43f530bd6f6d,grinning-dinosaur-romant,2025-12-08T14:41:22.663837Z,2025-12-08T15:41:22.663837Z,2025-12-08T15:43:58.663837Z,Active Power,2,kW,2,3.2671912571401043
19,5c53ecb7-c068-4ded-819b-d25b04a961ee,daffodil-eagle-outgoing,2025-12-09T16:38:58.663837Z,2025-12-09T17:38:58.663837Z,2025-12-09T17:43:32.663837Z,Current,4,A,4,21.763278397121336
3,1dc76f88-c58c-41ed-930f-80249b26f147,skilled-mouse-married-pe,2025-12-09T14:07:06.663837Z,2025-12-09T15:07:06.663837Z,2025-12-09T15:11:19.663837Z,Voltage,3,V,3,229.25433671884159
19,5c53ecb7-c068-4ded-819b-d25b04a961ee,daffodil-eagle-outgoing,2025-12-10T04:38:58.663837Z,2025-12-10T05:38:58.663837Z,2025-12-10T05:43:08.663837Z,Current,4,A,4,25.26943391033351
13,35c0fc0d-02da-498c-a6b5-43f530bd6f6d,grinning-dinosaur-romant,2025-12-09T19:41:22.663837Z,2025-12-09T20:41:22.663837Z,2025-12-09T20:44:36.663837Z,Active Power,2,kW,2,6.704862188501712
25,d3b99682-d478-4d6f-9a57-ac32627e471c,charming-salmon-alluring,2025-12-10T00:56:21.663837Z,2025-12-10T01:56:21.663837Z,2025-12-10T01:57:34.663837Z,Voltage,3,V,3,229.12727598940896
10,6cbf975e-4fb3-4a99-8066-0a149d2c05ac,sceptical-gharial-soft-t,2025-12-08T23:45:40.663837Z,2025-12-09T00:45:40.663837Z,2025-12-09T00:46:05.663837Z,Active Energy Import,1,kWh,1,4.447114446462268
7,7ec388ab-ef57-4cd0-8166-24bca0f9352d,winged-chital-fascinatin,2025-12-09T22:58:24.663837Z,2025-12-09T23:58:24.663837Z,2025-12-10T00:00:31.663837Z,Active Energy Import,1,kWh,1,0.6311048743710312
25,d3b99682-d478-4d6f-9a57-ac32627e471c,charming-salmon-alluring,2025-12-09T15:56:21.663837Z,2025-12-09T16:56:21.663837Z,2025-12-09T16:59:00.663837Z,Voltage,3,V,3,233.2984300621994
10,6cbf975e-4fb3-4a99-8066-0a149d2c05ac,sceptical-gharial-soft-t,2025-12-08T22:45:40.663837Z,2025-12-08T23:45:40.663837Z,2025-12-08T23:49:57.663837Z,Active Energy Import,1,kWh,1,2.18879431785799
17,613be624-235c-4fd2-94f0-4a1400ce1530,attentive-chicken-fresh,2025-12-09T18:55:57.663837Z,2025-12-09T19:55:57.663837Z,2025-12-09T19:56:28.663837Z,Current,4,A,4,31.56907726254659
14,51d4a3f0-bdeb-45b4-8d92-c2f412fbb544,jasper-quetzal-chubby-pa,2025-12-09T20:04:16.663837Z,2025-12-09T21:04:16.663837Z,2025-12-09T21:08:47.663837Z,Active Power,2,kW,2,3.016303290280887
12,6b744945-305e-450c-9bb8-55708a02b43b,delightful-numbat-therap,2025-12-10T06:19:21.663837Z,2025-12-10T07:19:21.663837Z,2025-12-10T07:19:46.663837Z,Active Energy Import,1,kWh,1,1.5446644197631803
10,6cbf975e-4fb3-4a99-8066-0a149d2c05ac,sceptical-gharial-soft-t,2025-12-09T20:45:40.663837Z,2025-12-09T21:45:40.663837Z,2025-12-09T21:45:45.663837Z,Active Energy Import,1,kWh,1,3.288301932415645
8,715bd6f9-b0af-42e9-a5ea-d37e23e2c042,ebony-cockle-resourceful,2025-12-09T00:15:09.663837Z,2025-12-09T01:15:09.663837Z,2025-12-09T01:19:41.663837Z,Active Energy Import,1,kWh,1,4.827368656190388
9,c3ec0f1e-faa7-4604-8728-02ffbd377578,enlightened-hippo-infrar,2025-12-09T06:51:48.663837Z,2025-12-09T07:51:48.663837Z,2025-12-09T07:56:04.663837Z,Current,4,A,4,4.103505871510427
15,901c7b14-f438-4763-9a4b-839e5ae0ef47,quirky-nightingale-succe,2025-12-08T20:07:54.663837Z,2025-12-08T21:07:54.663837Z,2025-12-08T21:10:39.663837Z,Active Energy Import,1,kWh,1,3.3255393153015445
7,7ec388ab-ef57-4cd0-8166-24bca0f9352d,winged-chital-fascinatin,2025-12-09T00:58:24.663837Z,2025-12-09T01:58:24.663837Z,2025-12-09T02:00:21.663837Z,Active Energy Import,1,kWh,1,2.4411473877512524
11,ad41d5b8-7705-43b9-a904-94c6b4dc9e5c,vehement-cuscus-dazzling,2025-12-09T02:28:34.663837Z,2025-12-09T03:28:34.663837Z,2025-12-09T03:32:46.663837Z,Active Energy Import,1,kWh,1,4.901223163016877
6,dc3631b9-1f85-4689-bd12-5c399dcc05d6,beryl-dormouse-rich-phea,2025-12-09T06:05:53.663837Z,2025-12-09T07:05:53.663837Z,2025-12-09T07:10:52.663837Z,Active Power,2,kW,2,1.944352367397093
22,775a8f35-a841-4224-8e9b-e41791a8917b,azure-tuna-benevolent-le,2025-12-10T06:53:11.663837Z,2025-12-10T07:53:11.663837Z,2025-12-10T07:57:59.663837Z,Active Power,2,kW,2,2.8860169703909566
16,8f374aae-88ea-4a4f-b17a-09a28bb5edd2,xanthic-curassow-rough-p,2025-12-09T14:46:04.663837Z,2025-12-09T15:46:04.663837Z,2025-12-09T15:48:49.663837Z,Active Power,2,kW,2,5.757591607368311
18,407833b8-9e2c-4a0f-a9fa-0787b87cc227,solid-pigeon-versatile-f,2025-12-10T05:54:04.663837Z,2025-12-10T06:54:04.663837Z,2025-12-10T06:57:07.663837Z,Active Power,2,kW,2,9.30471927126275
21,f6fdc037-53d7-4d3e-b26e-487c7210c280,vague-dugong-vagabond-ge,2025-12-08T21:59:27.663837Z,2025-12-08T22:59:27.663837Z,2025-12-08T23:01:14.663837Z,Active Energy Import,1,kWh,1,0.6131871095198543
20,58f98d07-ed02-4afb-afca-285914108982,sandy-dugong-just-squirr,2025-12-09T05:31:40.663837Z,2025-12-09T06:31:40.663837Z,2025-12-09T06:34:32.663837Z,Voltage,3,V,3,236.43676885832548
20,58f98d07-ed02-4afb-afca-285914108982,sandy-dugong-just-squirr,2025-12-08T20:31:40.663837Z,2025-12-08T21:31:40.663837Z,2025-12-08T21:35:09.663837Z,Voltage,3,V,3,239.73230822078486
4,c8a8e73a-b416-494e-94e1-7491b26841fe,classic-swallow-hallowed,2025-12-08T22:33:57.663837Z,2025-12-08T23:33:57.663837Z,2025-12-08T23:36:43.663837Z,Active Power,2,kW,2,9.347062577364273
19,5c53ecb7-c068-4ded-819b-d25b04a961ee,daffodil-eagle-outgoing,2025-12-10T12:38:58.663837Z,2025-12-10T13:38:58.663837Z,2025-12-10T13:39:21.663837Z,Current,4,A,4,30.131636752754595
5,562d78d0-9a63-4283-a55b-fe97f393afe5,imposing-ibis-thick-unic,2025-12-10T01:51:44.663837Z,2025-12-10T02:51:44.663837Z,2025-12-10T02:55:03.663837Z,Active Power,2,kW,2,6.773179452727329
6,dc3631b9-1f85-4689-bd12-5c399dcc05d6,beryl-dormouse-rich-phea,2025-12-09T13:05:53.663837Z,2025-12-09T14:05:53.663837Z,2025-12-09T14:10:43.663837Z,Active Power,2,kW,2,2.4919827965997166
1,cb345846-7a9d-4e68-ac49-ff10ea7e597c,noisy-civet-wise-wolf-ea,2025-12-09T06:52:45.663837Z,2025-12-09T07:52:45.663837Z,2025-12-09T07:55:51.663837Z,Active Energy Import,1,kWh,1,1.0475351538574385
8,715bd6f9-b0af-42e9-a5ea-d37e23e2c042,ebony-cockle-resourceful,2025-12-09T21:15:09.663837Z,2025-12-09T22:15:09.663837Z,2025-12-09T22:17:07.663837Z,Active Energy Import,1,kWh,1,2.0220056433896403
9,c3ec0f1e-faa7-4604-8728-02ffbd377578,enlightened-hippo-infrar,2025-12-09T17:51:48.663837Z,2025-12-09T18:51:48.663837Z,2025-12-09T18:52:53.663837Z,Current,4,A,4,22.32292138470514
6,dc3631b9-1f85-4689-bd12-5c399dcc05d6,beryl-dormouse-rich-phea,2025-12-09T10:05:53.663837Z,2025-12-09T11:05:53.663837Z,2025-12-09T11:06:52.663837Z,Active Power,2,kW,2,7.784204067673251
13,35c0fc0d-02da-498c-a6b5-43f530bd6f6d,grinning-dinosaur-romant,2025-12-09T00:41:22.663837Z,2025-12-09T01:41:22.663837Z,2025-12-09T01:42:39.663837Z,Active Power,2,kW,2,7.541514930613355
22,775a8f35-a841-4224-8e9b-e41791a8917b,azure-tuna-benevolent-le,2025-12-09T21:53:11.663837Z,2025-12-09T22:53:11.663837Z,2025-12-09T22:56:16.663837Z,Active Power,2,kW,2,0.4865813292965593
25,d3b99682-d478-4d6f-9a57-ac32627e471c,charming-salmon-alluring,2025-12-09T19:56:21.663837Z,2025-12-09T20:56:21.663837Z,2025-12-09T21:00:24.663837Z,Voltage,3,V,3,222.2722536801448
21,f6fdc037-53d7-4d3e-b26e-487c7210c280,vague-dugong-vagabond-ge,2025-12-10T02:59:27.663837Z,2025-12-10T03:59:27.663837Z,2025-12-10T04:03:57.663837Z,Active Energy Import,1,kWh,1,4.474629584105622
20,58f98d07-ed02-4afb-afca-285914108982,sandy-dugong-just-squirr,2025-12-09T22:31:40.663837Z,2025-12-09T23:31:40.663837Z,2025-12-09T23:32:24.663837Z,Voltage,3,V,3,232.95687113335583
16,8f374aae-88ea-4a4f-b17a-09a28bb5edd2,xanthic-curassow-rough-p,2025-12-08T21:46:04.663837Z,2025-12-08T22:46:04.663837Z,2025-12-08T22:49:41.663837Z,Active Power,2,kW,2,2.7316684436476946
20,58f98d07-ed02-4afb-afca-285914108982,sandy-dugong-just-squirr,2025-12-09T11:31:40.663837Z,2025-12-09T12:31:40.663837Z,2025-12-09T12:35:27.663837Z,Voltage,3,V,3,220.98221440299432
5,562d78d0-9a63-4283-a55b-fe97f393afe5,imposing-ibis-thick-unic,2025-12-09T23:51:44.663837Z,2025-12-10T00:51:44.663837Z,2025-12-10T00:54:20.663837Z,Active Power,2,kW,2,5.544124776667937
25,d3b99682-d478-4d6f-9a57-ac32627e471c,charming-salmon-alluring,2025-12-09T05:56:21.663837Z,2025-12-09T06:56:21.663837Z,2025-12-09T07:01:16.663837Z,Voltage,3,V,3,236.97604559578977
2,b4d8a596-2928-4ad7-b979-0355d497e87a,impossible-guppy-purple,2025-12-08T20:03:12.663837Z,2025-12-08T21:03:12.663837Z,2025-12-08T21:06:32.663837Z,Active Energy Import,1,kWh,1,2.9794421418056407
16,8f374aae-88ea-4a4f-b17a-09a28bb5edd2,xanthic-curassow-rough-p,2025-12-09T13:46:04.663837Z,2025-12-09T14:46:04.663837Z,2025-12-09T14:50:04.663837Z,Active Power,2,kW,2,9.211624345024124
16,8f374aae-88ea-4a4f-b17a-09a28bb5edd2,xanthic-curassow-rough-p,2025-12-09T15:46:04.663837Z,2025-12-09T16:46:04.663837Z,2025-12-09T16:51:02.663837Z,Active Power,2,kW,2,4.044228845052343
24,cbe7b26e-e5ec-43c8-9cc3-2a2839ce2152,amazing-macaque-sturdy-d,2025-12-09T15:08:32.663837Z,2025-12-09T16:08:32.663837Z,2025-12-09T16:13:18.663837Z,Voltage,3,V,3,249.11642847332348
24,cbe7b26e-e5ec-43c8-9cc3-2a2839ce2152,amazing-macaque-sturdy-d,2025-12-09T10:08:32.663837Z,2025-12-09T11:08:32.663837Z,2025-12-09T11:13:08.663837Z,Voltage,3,V,3,219.02686585126656
7,7ec388ab-ef57-4cd0-8166-24bca0f9352d,winged-chital-fascinatin,2025-12-10T05:58:24.663837Z,2025-12-10T06:58:24.663837Z,2025-12-10T06:59:24.663837Z,Active Energy Import,1,kWh,1,2.8934236625462177
2,b4d8a596-2928-4ad7-b979-0355d497e87a,impossible-guppy-purple,2025-12-09T08:03:12.663837Z,2025-12-09T09:03:12.663837Z,2025-12-09T09:05:49.663837Z,Active Energy Import,1,kWh,1,4.208346740862336
5,562d78d0-9a63-4283-a55b-fe97f393afe5,imposing-ibis-thick-unic,2025-12-10T02:51:44.663837Z,2025-12-10T03:51:44.663837Z,2025-12-10T03:53:18.663837Z,Active Power,2,kW,2,6.1551491595138055
19,5c53ecb7-c068-4ded-819b-d25b04a961ee,daffodil-eagle-outgoing,2025-12-09T18:38:58.663837Z,2025-12-09T19:38:58.663837Z,2025-12-09T19:42:22.663837Z,Current,4,A,4,34.9332575411007
14,51d4a3f0-bdeb-45b4-8d92-c2f412fbb544,jasper-quetzal-chubby-pa,2025-12-09T22:04:16.663837Z,2025-12-09T23:04:16.663837Z,2025-12-09T23:08:26.663837Z,Active Power,2,kW,2,8.472985431672427
3,1dc76f88-c58c-41ed-930f-80249b26f147,skilled-mouse-married-pe,2025-12-09T08:07:06.663837Z,2025-12-09T09:07:06.663837Z,2025-12-09T09:09:33.663837Z,Voltage,3,V,3,228.5051227360387
10,6cbf975e-4fb3-4a99-8066-0a149d2c05ac,sceptical-gharial-soft-t,2025-12-09T10:45:40.663837Z,2025-12-09T11:45:40.663837Z,2025-12-09T11:49:45.663837Z,Active Energy Import,1,kWh,1,1.7398052814732523
12,6b744945-305e-450c-9bb8-55708a02b43b,delightful-numbat-therap,2025-12-09T13:19:21.663837Z,2025-12-09T14:19:21.663837Z,2025-12-09T14:21:59.663837Z,Active Energy Import,1,kWh,1,3.194693511800061
3,1dc76f88-c58c-41ed-930f-80249b26f147,skilled-mouse-married-pe,2025-12-08T18:07:06.663837Z,2025-12-08T19:07:06.663837Z,2025-12-08T19:11:19.663837Z,Voltage,3,V,3,218.56947229481756
17,613be624-235c-4fd2-94f0-4a1400ce1530,attentive-chicken-fresh,2025-12-09T16:55:57.663837Z,2025-12-09T17:55:57.663837Z,2025-12-09T17:58:26.663837Z,Current,4,A,4,15.496662380924636
9,c3ec0f1e-faa7-4604-8728-02ffbd377578,enlightened-hippo-infrar,2025-12-09T15:51:48.663837Z,2025-12-09T16:51:48.663837Z,2025-12-09T16:56:41.663837Z,Current,4,A,4,37.96502569432125
6,dc3631b9-1f85-4689-bd12-5c399dcc05d6,beryl-dormouse-rich-phea,2025-12-09T05:05:53.663837Z,2025-12-09T06:05:53.663837Z,2025-12-09T06:06:35.663837Z,Active Power,2,kW,2,4.554161683800891
7,7ec388ab-ef57-4cd0-8166-24bca0f9352d,winged-chital-fascinatin,2025-12-09T16:58:24.663837Z,2025-12-09T17:58:24.663837Z,2025-12-09T18:03:05.663837Z,Active Energy Import,1,kWh,1,0.2604280412162774
7,7ec388ab-ef57-4cd0-8166-24bca0f9352d,winged-chital-fascinatin,2025-12-09T03:58:24.663837Z,2025-12-09T04:58:24.663837Z,2025-12-09T05:01:56.663837Z,Active Energy Import,1,kWh,1,3.6209068881364437
10,6cbf975e-4fb3-4a99-8066-0a149d2c05ac,sceptical-gharial-soft-t,2025-12-10T04:45:40.663837Z,2025-12-10T05:45:40.663837Z,2025-12-10T05:49:53.663837Z,Active Energy Import,1,kWh,1,0.6071304168130992
4,c8a8e73a-b416-494e-94e1-7491b26841fe,classic-swallow-hallowed,2025-12-09T15:33:57.663837Z,2025-12-09T16:33:57.663837Z,2025-12-09T16:34:56.663837Z,Active Power,2,kW,2,7.4241668398099865
14,51d4a3f0-bdeb-45b4-8d92-c2f412fbb544,jasper-quetzal-chubby-pa,2025-12-09T16:04:16.663837Z,2025-12-09T17:04:16.663837Z,2025-12-09T17:07:26.663837Z,Active Power,2,kW,2,5.132379576091917
22,775a8f35-a841-4224-8e9b-e41791a8917b,azure-tuna-benevolent-le,2025-12-08T17:53:11.663837Z,2025-12-08T18:53:11.663837Z,2025-12-08T18:53:31.663837Z,Active Power,2,kW,2,4.98038060136116
21,f6fdc037-53d7-4d3e-b26e-487c7210c280,vague-dugong-vagabond-ge,2025-12-09T20:59:27.663837Z,2025-12-09T21:59:27.663837Z,2025-12-09T22:01:05.663837Z,Active Energy Import,1,kWh,1,3.8389081867882835
11,ad41d5b8-7705-43b9-a904-94c6b4dc9e5c,vehement-cuscus-dazzling,2025-12-09T18:28:34.663837Z,2025-12-09T19:28:34.663837Z,2025-12-09T19:30:38.663837Z,Active Energy Import,1,kWh,1,4.280064879936891
15,901c7b14-f438-4763-9a4b-839e5ae0ef47,quirky-nightingale-succe,2025-12-09T06:07:54.663837Z,2025-12-09T07:07:54.663837Z,2025-12-09T07:08:25.663837Z,Active Energy Import,1,kWh,1,4.841993126557372
25,d3b99682-d478-4d6f-9a57-ac32627e471c,charming-salmon-alluring,2025-12-09T20:56:21.663837Z,2025-12-09T21:56:21.663837Z,2025-12-09T21:59:53.663837Z,Voltage,3,V,3,237.44294479564442
23,7ea2dc57-340e-4c75-a338-d5230c677f7e,manipulative-nautilus-ac,2025-12-10T03:08:27.663837Z,2025-12-10T04:08:27.663837Z,2025-12-10T04:12:36.663837Z,Current,4,A,4,21.019086056001413
4,c8a8e73a-b416-494e-94e1-7491b26841fe,classic-swallow-hallowed,2025-12-10T01:33:57.663837Z,2025-12-10T02:33:57.663837Z,2025-12-10T02:36:16.663837Z,Active Power,2,kW,2,1.6158197627388615
19,5c53ecb7-c068-4ded-819b-d25b04a961ee,daffodil-eagle-outgoing,2025-12-09T01:38:58.663837Z,2025-12-09T02:38:58.663837Z,2025-12-09T02:40:19.663837Z,Current,4,A,4,21.95216981775342
21,f6fdc037-53d7-4d3e-b26e-487c7210c280,vague-dugong-vagabond-ge,2025-12-09T17:59:27.663837Z,2025-12-09T18:59:27.663837Z,2025-12-09T19:03:22.663837Z,Active Energy Import,1,kWh,1,2.329165998105294
6,dc3631b9-1f85-4689-bd12-5c399dcc05d6,beryl-dormouse-rich-phea,2025-12-10T03:05:53.663837Z,2025-12-10T04:05:53.663837Z,2025-12-10T04:07:58.663837Z,Active Power,2,kW,2,2.717151070821846
23,7ea2dc57-340e-4c75-a338-d5230c677f7e,manipulative-nautilus-ac,2025-12-09T01:08:27.663837Z,2025-12-09T02:08:27.663837Z,2025-12-09T02:11:22.663837Z,Current,4,A,4,32.15863420776848
13,35c0fc0d-02da-498c-a6b5-43f530bd6f6d,grinning-dinosaur-romant,2025-12-08T18:41:22.663837Z,2025-12-08T19:41:22.663837Z,2025-12-08T19:43:46.663837Z,Active Power,2,kW,2,8.304726195673974
24,cbe7b26e-e5ec-43c8-9cc3-2a2839ce2152,amazing-macaque-sturdy-d,2025-12-08T21:08:32.663837Z,2025-12-08T22:08:32.663837Z,2025-12-08T22:10:57.663837Z,Voltage,3,V,3,221.5115750199181
22,775a8f35-a841-4224-8e9b-e41791a8917b,azure-tuna-benevolent-le,2025-12-09T20:53:11.663837Z,2025-12-09T21:53:11.663837Z,2025-12-09T21:55:19.663837Z,Active Power,2,kW,2,2.151444225262411
5,562d78d0-9a63-4283-a55b-fe97f393afe5,imposing-ibis-thick-unic,2025-12-09T19:51:44.663837Z,2025-12-09T20:51:44.663837Z,2025-12-09T20:54:38.663837Z,Active Power,2,kW,2,6.231554099464091
10,6cbf975e-4fb3-4a99-8066-0a149d2c05ac,sceptical-gharial-soft-t,2025-12-09T16:45:40.663837Z,2025-12-09T17:45:40.663837Z,2025-12-09T17:50:26.663837Z,Active Energy Import,1,kWh,1,0.18348565156854346
22,775a8f35-a841-4224-8e9b-e41791a8917b,azure-tuna-benevolent-le,2025-12-08T20:53:11.663837Z,2025-12-08T21:53:11.663837Z,2025-12-08T21:56:43.663837Z,Active Power,2,kW,2,2.9743387142974234
4,c8a8e73a-b416-494e-94e1-7491b26841fe,classic-swallow-hallowed,2025-12-10T06:33:57.663837Z,2025-12-10T07:33:57.663837Z,2025-12-10T07:37:11.663837Z,Active Power,2,kW,2,5.82509566489794
24,cbe7b26e-e5ec-43c8-9cc3-2a2839ce2152,amazing-macaque-sturdy-d,2025-12-10T01:08:32.663837Z,2025-12-10T02:08:32.663837Z,2025-12-10T02:10:07.663837Z,Voltage,3,V,3,247.35690442312801
11,ad41d5b8-7705-43b9-a904-94c6b4dc9e5c,vehement-cuscus-dazzling,2025-12-09T22:28:34.663837Z,2025-12-09T23:28:34.663837Z,2025-12-09T23:29:56.663837Z,Active Energy Import,1,kWh,1,2.4766432480821177
18,407833b8-9e2c-4a0f-a9fa-0787b87cc227,solid-pigeon-versatile-f,2025-12-10T06:54:04.663837Z,2025-12-10T07:54:04.663837Z,2025-12-10T07:57:41.663837Z,Active Power,2,kW,2,0.5325688717107446
22,775a8f35-a841-4224-8e9b-e41791a8917b,azure-tuna-benevolent-le,2025-12-09T10:53:11.663837Z,2025-12-09T11:53:11.663837Z,2025-12-09T11:56:32.663837Z,Active Power,2,kW,2,8.641638503624309
14,51d4a3f0-bdeb-45b4-8d92-c2f412fbb544,jasper-quetzal-chubby-pa,2025-12-09T11:04:16.663837Z,2025-12-09T12:04:16.663837Z,2025-12-09T12:06:22.663837Z,Active Power,2,kW,2,5.888529220504423
21,f6fdc037-53d7-4d3e-b26e-487c7210c280,vague-dugong-vagabond-ge,2025-12-09T01:59:27.663837Z,2025-12-09T02:59:27.663837Z,2025-12-09T03:00:05.663837Z,Active Energy Import,1,kWh,1,2.7499857374344527
10,6cbf975e-4fb3-4a99-8066-0a149d2c05ac,sceptical-gharial-soft-t,2025-12-09T21:45:40.663837Z,2025-12-09T22:45:40.663837Z,2025-12-09T22:50:22.663837Z,Active Energy Import,1,kWh,1,2.30988172491072
18,407833b8-9e2c-4a0f-a9fa-0787b87cc227,solid-pigeon-versatile-f,2025-12-09T04:54:04.663837Z,2025-12-09T05:54:04.663837Z,2025-12-09T05:55:16.663837Z,Active Power,2,kW,2,5.9724644107162845
17,613be624-235c-4fd2-94f0-4a1400ce1530,attentive-chicken-fresh,2025-12-09T12:55:57.663837Z,2025-12-09T13:55:57.663837Z,2025-12-09T13:57:30.663837Z,Current,4,A,4,1.5656850480269524
25,d3b99682-d478-4d6f-9a57-ac32627e471c,charming-salmon-alluring,2025-12-09T02:56:21.663837Z,2025-12-09T03:56:21.663837Z,2025-12-09T04:00:20.663837Z,Voltage,3,V,3,235.93141354836968
2,b4d8a596-2928-4ad7-b979-0355d497e87a,impossible-guppy-purple,2025-12-09T04:03:12.663837Z,2025-12-09T05:03:12.663837Z,2025-12-09T05:03:18.663837Z,Active Energy Import,1,kWh,1,4.769079637605401
13,35c0fc0d-02da-498c-a6b5-43f530bd6f6d,grinning-dinosaur-romant,2025-12-09T17:41:22.663837Z,2025-12-09T18:41:22.663837Z,2025-12-09T18:43:27.663837Z,Active Power,2,kW,2,8.872593085285024
15,901c7b14-f438-4763-9a4b-839e5ae0ef47,quirky-nightingale-succe,2025-12-09T00:07:54.663837Z,2025-12-09T01:07:54.663837Z,2025-12-09T01:08:48.663837Z,Active Energy Import,1,kWh,1,3.722944845959395
11,ad41d5b8-7705-43b9-a904-94c6b4dc9e5c,vehement-cuscus-dazzling,2025-12-10T09:28:34.663837Z,2025-12-10T10:28:34.663837Z,2025-12-10T10:31:21.663837Z,Active Energy Import,1,kWh,1,3.1339958950399387
18,407833b8-9e2c-4a0f-a9fa-0787b87cc227,solid-pigeon-versatile-f,2025-12-09T12:54:04.663837Z,2025-12-09T13:54:04.663837Z,2025-12-09T13:58:09.663837Z,Active Power,2,kW,2,9.039743381374581
17,613be624-235c-4fd2-94f0-4a1400ce1530,attentive-chicken-fresh,2025-12-08T19:55:57.663837Z,2025-12-08T20:55:57.663837Z,2025-12-08T20:56:36.663837Z,Current,4,A,4,18.756843341054932
5,562d78d0-9a63-4283-a55b-fe97f393afe5,imposing-ibis-thick-unic,2025-12-09T10:51:44.663837Z,2025-12-09T11:51:44.663837Z,2025-12-09T11:55:31.663837Z,Active Power,2,kW,2,3.456871116798003
19,5c53ecb7-c068-4ded-819b-d25b04a961ee,daffodil-eagle-outgoing,2025-12-10T05:38:58.663837Z,2025-12-10T06:38:58.663837Z,2025-12-10T06:40:12.663837Z,Current,4,A,4,2.524021481288985
16,8f374aae-88ea-4a4f-b17a-09a28bb5edd2,xanthic-curassow-rough-p,2025-12-09T01:46:04.663837Z,2025-12-09T02:46:04.663837Z,2025-12-09T02:48:46.663837Z,Active Power,2,kW,2,0.45417362604427525
15,901c7b14-f438-4763-9a4b-839e5ae0ef47,quirky-nightingale-succe,2025-12-09T01:07:54.663837Z,2025-12-09T02:07:54.663837Z,2025-12-09T02:11:09.663837Z,Active Energy Import,1,kWh,1,4.058846426386962
2,b4d8a596-2928-4ad7-b979-0355d497e87a,impossible-guppy-purple,2025-12-09T18:03:12.663837Z,2025-12-09T19:03:12.663837Z,2025-12-09T19:07:25.663837Z,Active Energy Import,1,kWh,1,4.0801162671004425
8,715bd6f9-b0af-42e9-a5ea-d37e23e2c042,ebony-cockle-resourceful,2025-12-08T16:15:09.663837Z,2025-12-08T17:15:09.663837Z,2025-12-08T17:18:11.663837Z,Active Energy Import,1,kWh,1,2.6637262265525012
8,715bd6f9-b0af-42e9-a5ea-d37e23e2c042,ebony-cockle-resourceful,2025-12-09T18:15:09.663837Z,2025-12-09T19:15:09.663837Z,2025-12-09T19:17:17.663837Z,Active Energy Import,1,kWh,1,3.4530466972326153
11,ad41d5b8-7705-43b9-a904-94c6b4dc9e5c,vehement-cuscus-dazzling,2025-12-09T19:28:34.663837Z,2025-12-09T20:28:34.663837Z,2025-12-09T20:32:09.663837Z,Active Energy Import,1,kWh,1,0.21823649548650959
6,dc3631b9-1f85-4689-bd12-5c399dcc05d6,beryl-dormouse-rich-phea,2025-12-09T23:05:53.663837Z,2025-12-10T00:05:53.663837Z,2025-12-10T00:08:19.663837Z,Active Power,2,kW,2,7.658136842971654
14,51d4a3f0-bdeb-45b4-8d92-c2f412fbb544,jasper-quetzal-chubby-pa,2025-12-09T07:04:16.663837Z,2025-12-09T08:04:16.663837Z,2025-12-09T08:08:57.663837Z,Active Power,2,kW,2,2.5065419672812386
23,7ea2dc57-340e-4c75-a338-d5230c677f7e,manipulative-nautilus-ac,2025-12-09T06:08:27.663837Z,2025-12-09T07:08:27.663837Z,2025-12-09T07:12:51.663837Z,Current,4,A,4,33.13157543829504
4,c8a8e73a-b416-494e-94e1-7491b26841fe,classic-swallow-hallowed,2025-12-10T00:33:57.663837Z,2025-12-10T01:33:57.663837Z,2025-12-10T01:35:08.663837Z,Active Power,2,kW,2,6.3711337730137965
8,715bd6f9-b0af-42e9-a5ea-d37e23e2c042,ebony-cockle-resourceful,2025-12-09T20:15:09.663837Z,2025-12-09T21:15:09.663837Z,2025-12-09T21:15:22.663837Z,Active Energy Import,1,kWh,1,0.4652667527733584
7,7ec388ab-ef57-4cd0-8166-24bca0f9352d,winged-chital-fascinatin,2025-12-08T21:58:24.663837Z,2025-12-08T22:58:24.663837Z,2025-12-08T23:01:48.663837Z,Active Energy Import,1,kWh,1,4.267239752845523
9,c3ec0f1e-faa7-4604-8728-02ffbd377578,enlightened-hippo-infrar,2025-12-09T05:51:48.663837Z,2025-12-09T06:51:48.663837Z,2025-12-09T06:52:57.663837Z,Current,4,A,4,25.5147862042371
21,f6fdc037-53d7-4d3e-b26e-487c7210c280,vague-dugong-vagabond-ge,2025-12-10T11:59:27.663837Z,2025-12-10T12:59:27.663837Z,2025-12-10T12:59:46.663837Z,Active Energy Import,1,kWh,1,0.40611427446684945
22,775a8f35-a841-4224-8e9b-e41791a8917b,azure-tuna-benevolent-le,2025-12-10T07:53:11.663837Z,2025-12-10T08:53:11.663837Z,2025-12-10T08:56:33.663837Z,Active Power,2,kW,2,5.042555291232047
20,58f98d07-ed02-4afb-afca-285914108982,sandy-dugong-just-squirr,2025-12-09T23:31:40.663837Z,2025-12-10T00:31:40.663837Z,2025-12-10T00:36:16.663837Z,Voltage,3,V,3,224.67799794615328
24,cbe7b26e-e5ec-43c8-9cc3-2a2839ce2152,amazing-macaque-sturdy-d,2025-12-09T11:08:32.663837Z,2025-12-09T12:08:32.663837Z,2025-12-09T12:10:36.663837Z,Voltage,3,V,3,212.09964427357852
15,901c7b14-f438-4763-9a4b-839e5ae0ef47,quirky-nightingale-succe,2025-12-09T22:07:54.663837Z,2025-12-09T23:07:54.663837Z,2025-12-09T23:08:14.663837Z,Active Energy Import,1,kWh,1,0.4587884152722266
9,c3ec0f1e-faa7-4604-8728-02ffbd377578,enlightened-hippo-infrar,2025-12-09T03:51:48.663837Z,2025-12-09T04:51:48.663837Z,2025-12-09T04:52:16.663837Z,Current,4,A,4,38.97179724410952
15,901c7b14-f438-4763-9a4b-839e5ae0ef47,quirky-nightingale-succe,2025-12-09T20:07:54.663837Z,2025-12-09T21:07:54.663837Z,2025-12-09T21:09:12.663837Z,Active Energy Import,1,kWh,1,2.8316054738068814
19,5c53ecb7-c068-4ded-819b-d25b04a961ee,daffodil-eagle-outgoing,2025-12-10T02:38:58.663837Z,2025-12-10T03:38:58.663837Z,2025-12-10T03:40:32.663837Z,Current,4,A,4,33.21534627054411
21,f6fdc037-53d7-4d3e-b26e-487c7210c280,vague-dugong-vagabond-ge,2025-12-10T08:59:27.663837Z,2025-12-10T09:59:27.663837Z,2025-12-10T10:00:50.663837Z,Active Energy Import,1,kWh,1,0.8560031152789616
22,775a8f35-a841-4224-8e9b-e41791a8917b,azure-tuna-benevolent-le,2025-12-09T23:53:11.663837Z,2025-12-10T00:53:11.663837Z,2025-12-10T00:57:16.663837Z,Active Power,2,kW,2,2.8574838144101755
8,715bd6f9-b0af-42e9-a5ea-d37e23e2c042,ebony-cockle-resourceful,2025-12-09T07:15:09.663837Z,2025-12-09T08:15:09.663837Z,2025-12-09T08:19:04.663837Z,Active Energy Import,1,kWh,1,1.21931719595478
13,35c0fc0d-02da-498c-a6b5-43f530bd6f6d,grinning-dinosaur-romant,2025-12-10T01:41:22.663837Z,2025-12-10T02:41:22.663837Z,2025-12-10T02:44:36.663837Z,Active Power,2,kW,2,2.172696846975616
4,c8a8e73a-b416-494e-94e1-7491b26841fe,classic-swallow-hallowed,2025-12-09T21:33:57.663837Z,2025-12-09T22:33:57.663837Z,2025-12-09T22:34:28.663837Z,Active Power,2,kW,2,0.9229846771273342
2,b4d8a596-2928-4ad7-b979-0355d497e87a,impossible-guppy-purple,2025-12-09T13:03:12.663837Z,2025-12-09T14:03:12.663837Z,2025-12-09T14:06:02.663837Z,Active Energy Import,1,kWh,1,2.4430285401447396
20,58f98d07-ed02-4afb-afca-285914108982,sandy-dugong-just-squirr,2025-12-10T02:31:40.663837Z,2025-12-10T03:31:40.663837Z,2025-12-10T03:31:58.663837Z,Voltage,3,V,3,239.4269943791771
20,58f98d07-ed02-4afb-afca-285914108982,sandy-dugong-just-squirr,2025-12-09T04:31:40.663837Z,2025-12-09T05:31:40.663837Z,2025-12-09T05:34:29.663837Z,Voltage,3,V,3,214.10391631128456
6,dc3631b9-1f85-4689-bd12-5c399dcc05d6,beryl-dormouse-rich-phea,2025-12-09T19:05:53.663837Z,2025-12-09T20:05:53.663837Z,2025-12-09T20:10:38.663837Z,Active Power,2,kW,2,4.459136120767004
24,cbe7b26e-e5ec-43c8-9cc3-2a2839ce2152,amazing-macaque-sturdy-d,2025-12-09T04:08:32.663837Z,2025-12-09T05:08:32.663837Z,2025-12-09T05:12:23.663837Z,Voltage,3,V,3,236.2388820220363
6,dc3631b9-1f85-4689-bd12-5c399dcc05d6,beryl-dormouse-rich-phea,2025-12-10T12:05:53.663837Z,2025-12-10T13:05:53.663837Z,2025-12-10T13:06:08.663837Z,Active Power,2,kW,2,8.567320323039343
12,6b744945-305e-450c-9bb8-55708a02b43b,delightful-numbat-therap,2025-12-09T02:19:21.663837Z,2025-12-09T03:19:21.663837Z,2025-12-09T03:24:15.663837Z,Active Energy Import,1,kWh,1,3.409001856763641
11,ad41d5b8-7705-43b9-a904-94c6b4dc9e5c,vehement-cuscus-dazzling,2025-12-09T07:28:34.663837Z,2025-12-09T08:28:34.663837Z,2025-12-09T08:31:00.663837Z,Active Energy Import,1,kWh,1,3.863375663385025
2,b4d8a596-2928-4ad7-b979-0355d497e87a,impossible-guppy-purple,2025-12-09T01:03:12.663837Z,2025-12-09T02:03:12.663837Z,2025-12-09T02:07:51.663837Z,Active Energy Import,1,kWh,1,3.7543889979580487
19,5c53ecb7-c068-4ded-819b-d25b04a961ee,daffodil-eagle-outgoing,2025-12-10T11:38:58.663837Z,2025-12-10T12:38:58.663837Z,2025-12-10T12:43:41.663837Z,Current,4,A,4,18.93599070707374
7,7ec388ab-ef57-4cd0-8166-24bca0f9352d,winged-chital-fascinatin,2025-12-09T05:58:24.663837Z,2025-12-09T06:58:24.663837Z,2025-12-09T07:03:02.663837Z,Active Energy Import,1,kWh,1,0.13483225952568845
2,b4d8a596-2928-4ad7-b979-0355d497e87a,impossible-guppy-purple,2025-12-09T05:03:12.663837Z,2025-12-09T06:03:12.663837Z,2025-12-09T06:05:31.663837Z,Active Energy Import,1,kWh,1,4.859440494350571
19,5c53ecb7-c068-4ded-819b-d25b04a961ee,daffodil-eagle-outgoing,2025-12-08T21:38:58.663837Z,2025-12-08T22:38:58.663837Z,2025-12-08T22:40:14.663837Z,Current,4,A,4,30.35364619062429
25,d3b99682-d478-4d6f-9a57-ac32627e471c,charming-salmon-alluring,2025-12-09T17:56:21.663837Z,2025-12-09T18:56:21.663837Z,2025-12-09T18:59:30.663837Z,Voltage,3,V,3,237.71074361690955
16,8f374aae-88ea-4a4f-b17a-09a28bb5edd2,xanthic-curassow-rough-p,2025-12-09T08:46:04.663837Z,2025-12-09T09:46:04.663837Z,2025-12-09T09:49:49.663837Z,Active Power,2,kW,2,1.756948018758423
12,6b744945-305e-450c-9bb8-55708a02b43b,delightful-numbat-therap,2025-12-09T10:19:21.663837Z,2025-12-09T11:19:21.663837Z,2025-12-09T11:23:24.663837Z,Active Energy Import,1,kWh,1,4.506047117994415
1,cb345846-7a9d-4e68-ac49-ff10ea7e597c,noisy-civet-wise-wolf-ea,2025-12-10T01:52:45.663837Z,2025-12-10T02:52:45.663837Z,2025-12-10T02:56:14.663837Z,Active Energy Import,1,kWh,1,1.8099822185680547
16,8f374aae-88ea-4a4f-b17a-09a28bb5edd2,xanthic-curassow-rough-p,2025-12-09T04:46:04.663837Z,2025-12-09T05:46:04.663837Z,2025-12-09T05:48:43.663837Z,Active Power,2,kW,2,9.45324087226644
3,1dc76f88-c58c-41ed-930f-80249b26f147,skilled-mouse-married-pe,2025-12-09T17:07:06.663837Z,2025-12-09T18:07:06.663837Z,2025-12-09T18:10:30.663837Z,Voltage,3,V,3,220.60812232688608
2,b4d8a596-2928-4ad7-b979-0355d497e87a,impossible-guppy-purple,2025-12-10T00:03:12.663837Z,2025-12-10T01:03:12.663837Z,2025-12-10T01:07:53.663837Z,Active Energy Import,1,kWh,1,3.7763259831790275
6,dc3631b9-1f85-4689-bd12-5c399dcc05d6,beryl-dormouse-rich-phea,2025-12-09T08:05:53.663837Z,2025-12-09T09:05:53.663837Z,2025-12-09T09:08:02.663837Z,Active Power,2,kW,2,1.4757134509129821
7,7ec388ab-ef57-4cd0-8166-24bca0f9352d,winged-chital-fascinatin,2025-12-09T01:58:24.663837Z,2025-12-09T02:58:24.663837Z,2025-12-09T03:00:48.663837Z,Active Energy Import,1,kWh,1,2.1791798802331828
1,cb345846-7a9d-4e68-ac49-ff10ea7e597c,noisy-civet-wise-wolf-ea,2025-12-09T07:52:45.663837Z,2025-12-09T08:52:45.663837Z,2025-12-09T08:55:06.663837Z,Active Energy Import,1,kWh,1,3.5091015672927566
24,cbe7b26e-e5ec-43c8-9cc3-2a2839ce2152,amazing-macaque-sturdy-d,2025-12-09T21:08:32.663837Z,2025-12-09T22:08:32.663837Z,2025-12-09T22:09:22.663837Z,Voltage,3,V,3,236.09194921676317
16,8f374aae-88ea-4a4f-b17a-09a28bb5edd2,xanthic-curassow-rough-p,2025-12-10T01:46:04.663837Z,2025-12-10T02:46:04.663837Z,2025-12-10T02:47:35.663837Z,Active Power,2,kW,2,0.7637937747302115
11,ad41d5b8-7705-43b9-a904-94c6b4dc9e5c,vehement-cuscus-dazzling,2025-12-10T01:28:34.663837Z,2025-12-10T02:28:34.663837Z,2025-12-10T02:32:24.663837Z,Active Energy Import,1,kWh,1,0.49855848870989206
17,613be624-235c-4fd2-94f0-4a1400ce1530,attentive-chicken-fresh,2025-12-10T06:55:57.663837Z,2025-12-10T07:55:57.663837Z,2025-12-10T07:59:38.663837Z,Current,4,A,4,20.339539456912306
25,d3b99682-d478-4d6f-9a57-ac32627e471c,charming-salmon-alluring,2025-12-10T04:56:21.663837Z,2025-12-10T05:56:21.663837Z,2025-12-10T06:01:01.663837Z,Voltage,3,V,3,242.07979967120124
24,cbe7b26e-e5ec-43c8-9cc3-2a2839ce2152,amazing-macaque-sturdy-d,2025-12-10T03:08:32.663837Z,2025-12-10T04:08:32.663837Z,2025-12-10T04:12:00.663837Z,Voltage,3,V,3,241.5184251950335
3,1dc76f88-c58c-41ed-930f-80249b26f147,skilled-mouse-married-pe,2025-12-10T05:07:06.663837Z,2025-12-10T06:07:06.663837Z,2025-12-10T06:07:45.663837Z,Voltage,3,V,3,237.0085021441636
20,58f98d07-ed02-4afb-afca-285914108982,sandy-dugong-just-squirr,2025-12-09T15:31:40.663837Z,2025-12-09T16:31:40.663837Z,2025-12-09T16:32:58.663837Z,Voltage,3,V,3,243.9467723988214
19,5c53ecb7-c068-4ded-819b-d25b04a961ee,daffodil-eagle-outgoing,2025-12-09T19:38:58.663837Z,2025-12-09T20:38:58.663837Z,2025-12-09T20:39:25.663837Z,Current,4,A,4,25.4268316587452
23,7ea2dc57-340e-4c75-a338-d5230c677f7e,manipulative-nautilus-ac,2025-12-09T10:08:27.663837Z,2025-12-09T11:08:27.663837Z,2025-12-09T11:09:28.663837Z,Current,4,A,4,39.195921247166474
5,562d78d0-9a63-4283-a55b-fe97f393afe5,imposing-ibis-thick-unic,2025-12-10T00:51:44.663837Z,2025-12-10T01:51:44.663837Z,2025-12-10T01:53:27.663837Z,Active Power,2,kW,2,4.2044633377290825
8,715bd6f9-b0af-42e9-a5ea-d37e23e2c042,ebony-cockle-resourceful,2025-12-08T17:15:09.663837Z,2025-12-08T18:15:09.663837Z,2025-12-08T18:18:23.663837Z,Active Energy Import,1,kWh,1,0.3447836825982026
4,c8a8e73a-b416-494e-94e1-7491b26841fe,classic-swallow-hallowed,2025-12-10T12:33:57.663837Z,2025-12-10T13:33:57.663837Z,2025-12-10T13:38:48.663837Z,Active Power,2,kW,2,8.84134701451009
9,c3ec0f1e-faa7-4604-8728-02ffbd377578,enlightened-hippo-infrar,2025-12-10T07:51:48.663837Z,2025-12-10T08:51:48.663837Z,2025-12-10T08:53:51.663837Z,Current,4,A,4,11.524195583747572
12,6b744945-305e-450c-9bb8-55708a02b43b,delightful-numbat-therap,2025-12-10T00:19:21.663837Z,2025-12-10T01:19:21.663837Z,2025-12-10T01:23:40.663837Z,Active Energy Import,1,kWh,1,4.164194498365942
7,7ec388ab-ef57-4cd0-8166-24bca0f9352d,winged-chital-fascinatin,2025-12-09T08:58:24.663837Z,2025-12-09T09:58:24.663837Z,2025-12-09T10:02:08.663837Z,Active Energy Import,1,kWh,1,0.6784974361528212
6,dc3631b9-1f85-4689-bd12-5c399dcc05d6,beryl-dormouse-rich-phea,2025-12-10T08:05:53.663837Z,2025-12-10T09:05:53.663837Z,2025-12-10T09:06:30.663837Z,Active Power,2,kW,2,4.148678958982181
22,775a8f35-a841-4224-8e9b-e41791a8917b,azure-tuna-benevolent-le,2025-12-08T19:53:11.663837Z,2025-12-08T20:53:11.663837Z,2025-12-08T20:55:50.663837Z,Active Power,2,kW,2,4.829448181754195
10,6cbf975e-4fb3-4a99-8066-0a149d2c05ac,sceptical-gharial-soft-t,2025-12-09T19:45:40.663837Z,2025-12-09T20:45:40.663837Z,2025-12-09T20:49:11.663837Z,Active Energy Import,1,kWh,1,4.3245529202593955
14,51d4a3f0-bdeb-45b4-8d92-c2f412fbb544,jasper-quetzal-chubby-pa,2025-12-09T18:04:16.663837Z,2025-12-09T19:04:16.663837Z,2025-12-09T19:06:14.663837Z,Active Power,2,kW,2,9.454156429701063
11,ad41d5b8-7705-43b9-a904-94c6b4dc9e5c,vehement-cuscus-dazzling,2025-12-10T06:28:34.663837Z,2025-12-10T07:28:34.663837Z,2025-12-10T07:32:02.663837Z,Active Energy Import,1,kWh,1,3.249183262896363
14,51d4a3f0-bdeb-45b4-8d92-c2f412fbb544,jasper-quetzal-chubby-pa,2025-12-10T07:04:16.663837Z,2025-12-10T08:04:16.663837Z,2025-12-10T08:08:52.663837Z,Active Power,2,kW,2,2.9489774594988982
19,5c53ecb7-c068-4ded-819b-d25b04a961ee,daffodil-eagle-outgoing,2025-12-09T13:38:58.663837Z,2025-12-09T14:38:58.663837Z,2025-12-09T14:40:38.663837Z,Current,4,A,4,26.574852069680365
18,407833b8-9e2c-4a0f-a9fa-0787b87cc227,solid-pigeon-versatile-f,2025-12-09T06:54:04.663837Z,2025-12-09T07:54:04.663837Z,2025-12-09T07:55:33.663837Z,Active Power,2,kW,2,7.21182997805427
12,6b744945-305e-450c-9bb8-55708a02b43b,delightful-numbat-therap,2025-12-10T03:19:21.663837Z,2025-12-10T04:19:21.663837Z,2025-12-10T04:22:26.663837Z,Active Energy Import,1,kWh,1,1.0950226946405273
8,715bd6f9-b0af-42e9-a5ea-d37e23e2c042,ebony-cockle-resourceful,2025-12-09T16:15:09.663837Z,2025-12-09T17:15:09.663837Z,2025-12-09T17:15:57.663837Z,Active Energy Import,1,kWh,1,1.2067802518633997
1,cb345846-7a9d-4e68-ac49-ff10ea7e597c,noisy-civet-wise-wolf-ea,2025-12-09T14:52:45.663837Z,2025-12-09T15:52:45.663837Z,2025-12-09T15:53:18.663837Z,Active Energy Import,1,kWh,1,1.1452403598205219
20,58f98d07-ed02-4afb-afca-285914108982,sandy-dugong-just-squirr,2025-12-09T06:31:40.663837Z,2025-12-09T07:31:40.663837Z,2025-12-09T07:34:21.663837Z,Voltage,3,V,3,227.83663052398612
25,d3b99682-d478-4d6f-9a57-ac32627e471c,charming-salmon-alluring,2025-12-09T09:56:21.663837Z,2025-12-09T10:56:21.663837Z,2025-12-09T10:59:51.663837Z,Voltage,3,V,3,236.77023413639816
22,775a8f35-a841-4224-8e9b-e41791a8917b,azure-tuna-benevolent-le,2025-12-09T06:53:11.663837Z,2025-12-09T07:53:11.663837Z,2025-12-09T07:55:59.663837Z,Active Power,2,kW,2,2.417378609364671
6,dc3631b9-1f85-4689-bd12-5c399dcc05d6,beryl-dormouse-rich-phea,2025-12-10T01:05:53.663837Z,2025-12-10T02:05:53.663837Z,2025-12-10T02:08:00.663837Z,Active Power,2,kW,2,2.745974469175383
19,5c53ecb7-c068-4ded-819b-d25b04a961ee,daffodil-eagle-outgoing,2025-12-09T22:38:58.663837Z,2025-12-09T23:38:58.663837Z,2025-12-09T23:39:37.663837Z,Current,4,A,4,13.792099726535652
4,c8a8e73a-b416-494e-94e1-7491b26841fe,classic-swallow-hallowed,2025-12-09T08:33:57.663837Z,2025-12-09T09:33:57.663837Z,2025-12-09T09:36:07.663837Z,Active Power,2,kW,2,3.6952708873888396
14,51d4a3f0-bdeb-45b4-8d92-c2f412fbb544,jasper-quetzal-chubby-pa,2025-12-09T15:04:16.663837Z,2025-12-09T16:04:16.663837Z,2025-12-09T16:04:53.663837Z,Active Power,2,kW,2,4.762459654232503
11,ad41d5b8-7705-43b9-a904-94c6b4dc9e5c,vehement-cuscus-dazzling,2025-12-08T22:28:34.663837Z,2025-12-08T23:28:34.663837Z,2025-12-08T23:29:39.663837Z,Active Energy Import,1,kWh,1,3.2385484439187935
14,51d4a3f0-bdeb-45b4-8d92-c2f412fbb544,jasper-quetzal-chubby-pa,2025-12-10T00:04:16.663837Z,2025-12-10T01:04:16.663837Z,2025-12-10T01:08:32.663837Z,Active Power,2,kW,2,7.124013148970963
5,562d78d0-9a63-4283-a55b-fe97f393afe5,imposing-ibis-thick-unic,2025-12-09T13:51:44.663837Z,2025-12-09T14:51:44.663837Z,2025-12-09T14:56:44.663837Z,Active Power,2,kW,2,1.9007877450229604
4,c8a8e73a-b416-494e-94e1-7491b26841fe,classic-swallow-hallowed,2025-12-08T23:33:57.663837Z,2025-12-09T00:33:57.663837Z,2025-12-09T00:35:46.663837Z,Active Power,2,kW,2,6.697259747698292
9,c3ec0f1e-faa7-4604-8728-02ffbd377578,enlightened-hippo-infrar,2025-12-10T09:51:48.663837Z,2025-12-10T10:51:48.663837Z,2025-12-10T10:55:45.663837Z,Current,4,A,4,2.8471904061391706
23,7ea2dc57-340e-4c75-a338-d5230c677f7e,manipulative-nautilus-ac,2025-12-08T18:08:27.663837Z,2025-12-08T19:08:27.663837Z,2025-12-08T19:09:32.663837Z,Current,4,A,4,5.146535627568607
17,613be624-235c-4fd2-94f0-4a1400ce1530,attentive-chicken-fresh,2025-12-09T23:55:57.663837Z,2025-12-10T00:55:57.663837Z,2025-12-10T00:57:14.663837Z,Current,4,A,4,36.66985820228481
4,c8a8e73a-b416-494e-94e1-7491b26841fe,classic-swallow-hallowed,2025-12-09T14:33:57.663837Z,2025-12-09T15:33:57.663837Z,2025-12-09T15:35:10.663837Z,Active Power,2,kW,2,2.6446592148712766
14,51d4a3f0-bdeb-45b4-8d92-c2f412fbb544,jasper-quetzal-chubby-pa,2025-12-10T02:04:16.663837Z,2025-12-10T03:04:16.663837Z,2025-12-10T03:05:02.663837Z,Active Power,2,kW,2,3.2211181974632606
23,7ea2dc57-340e-4c75-a338-d5230c677f7e,manipulative-nautilus-ac,2025-12-09T09:08:27.663837Z,2025-12-09T10:08:27.663837Z,2025-12-09T10:08:40.663837Z,Current,4,A,4,14.734312394630784
17,613be624-235c-4fd2-94f0-4a1400ce1530,attentive-chicken-fresh,2025-12-10T07:55:57.663837Z,2025-12-10T08:55:57.663837Z,2025-12-10T08:56:11.663837Z,Current,4,A,4,14.503906759281776
18,407833b8-9e2c-4a0f-a9fa-0787b87cc227,solid-pigeon-versatile-f,2025-12-09T16:54:04.663837Z,2025-12-09T17:54:04.663837Z,2025-12-09T17:57:24.663837Z,Active Power,2,kW,2,5.02906691487579
3,1dc76f88-c58c-41ed-930f-80249b26f147,skilled-mouse-married-pe,2025-12-08T20:07:06.663837Z,2025-12-08T21:07:06.663837Z,2025-12-08T21:12:03.663837Z,Voltage,3,V,3,233.048465988836
10,6cbf975e-4fb3-4a99-8066-0a149d2c05ac,sceptical-gharial-soft-t,2025-12-09T15:45:40.663837Z,2025-12-09T16:45:40.663837Z,2025-12-09T16:49:10.663837Z,Active Energy Import,1,kWh,1,4.067830173689863
10,6cbf975e-4fb3-4a99-8066-0a149d2c05ac,sceptical-gharial-soft-t,2025-12-09T17:45:40.663837Z,2025-12-09T18:45:40.663837Z,2025-12-09T18:46:30.663837Z,Active Energy Import,1,kWh,1,1.5725857858508396
24,cbe7b26e-e5ec-43c8-9cc3-2a2839ce2152,amazing-macaque-sturdy-d,2025-12-09T01:08:32.663837Z,2025-12-09T02:08:32.663837Z,2025-12-09T02:09:51.663837Z,Voltage,3,V,3,221.61810607971742
23,7ea2dc57-340e-4c75-a338-d5230c677f7e,manipulative-nautilus-ac,2025-12-09T04:08:27.663837Z,2025-12-09T05:08:27.663837Z,2025-12-09T05:11:15.663837Z,Current,4,A,4,6.500081835077576
12,6b744945-305e-450c-9bb8-55708a02b43b,delightful-numbat-therap,2025-12-09T12:19:21.663837Z,2025-12-09T13:19:21.663837Z,2025-12-09T13:23:12.663837Z,Active Energy Import,1,kWh,1,4.72617817467323
10,6cbf975e-4fb3-4a99-8066-0a149d2c05ac,sceptical-gharial-soft-t,2025-12-09T22:45:40.663837Z,2025-12-09T23:45:40.663837Z,2025-12-09T23:46:12.663837Z,Active Energy Import,1,kWh,1,0.9379127069726356
23,7ea2dc57-340e-4c75-a338-d5230c677f7e,manipulative-nautilus-ac,2025-12-10T02:08:27.663837Z,2025-12-10T03:08:27.663837Z,2025-12-10T03:11:18.663837Z,Current,4,A,4,39.924914736219286
10,6cbf975e-4fb3-4a99-8066-0a149d2c05ac,sceptical-gharial-soft-t,2025-12-09T14:45:40.663837Z,2025-12-09T15:45:40.663837Z,2025-12-09T15:49:58.663837Z,Active Energy Import,1,kWh,1,1.4410889768072788
11,ad41d5b8-7705-43b9-a904-94c6b4dc9e5c,vehement-cuscus-dazzling,2025-12-10T02:28:34.663837Z,2025-12-10T03:28:34.663837Z,2025-12-10T03:32:32.663837Z,Active Energy Import,1,kWh,1,0.07673798957630318
17,613be624-235c-4fd2-94f0-4a1400ce1530,attentive-chicken-fresh,2025-12-09T15:55:57.663837Z,2025-12-09T16:55:57.663837Z,2025-12-09T16:57:23.663837Z,Current,4,A,4,14.555918387428513
19,5c53ecb7-c068-4ded-819b-d25b04a961ee,daffodil-eagle-outgoing,2025-12-09T23:38:58.663837Z,2025-12-10T00:38:58.663837Z,2025-12-10T00:39:56.663837Z,Current,4,A,4,30.860054964394365
17,613be624-235c-4fd2-94f0-4a1400ce1530,attentive-chicken-fresh,2025-12-09T10:55:57.663837Z,2025-12-09T11:55:57.663837Z,2025-12-09T11:58:57.663837Z,Current,4,A,4,39.2954232437359
20,58f98d07-ed02-4afb-afca-285914108982,sandy-dugong-just-squirr,2025-12-09T16:31:40.663837Z,2025-12-09T17:31:40.663837Z,2025-12-09T17:35:29.663837Z,Voltage,3,V,3,211.3919586319417
4,c8a8e73a-b416-494e-94e1-7491b26841fe,classic-swallow-hallowed,2025-12-09T16:33:57.663837Z,2025-12-09T17:33:57.663837Z,2025-12-09T17:35:21.663837Z,Active Power,2,kW,2,2.7234821231481634
20,58f98d07-ed02-4afb-afca-285914108982,sandy-dugong-just-squirr,2025-12-09T19:31:40.663837Z,2025-12-09T20:31:40.663837Z,2025-12-09T20:36:35.663837Z,Voltage,3,V,3,211.29541295918668
5,562d78d0-9a63-4283-a55b-fe97f393afe5,imposing-ibis-thick-unic,2025-12-09T15:51:44.663837Z,2025-12-09T16:51:44.663837Z,2025-12-09T16:51:49.663837Z,Active Power,2,kW,2,5.199203485665854
11,ad41d5b8-7705-43b9-a904-94c6b4dc9e5c,vehement-cuscus-dazzling,2025-12-09T14:28:34.663837Z,2025-12-09T15:28:34.663837Z,2025-12-09T15:31:35.663837Z,Active Energy Import,1,kWh,1,1.6621997785537468
8,715bd6f9-b0af-42e9-a5ea-d37e23e2c042,ebony-cockle-resourceful,2025-12-09T04:15:09.663837Z,2025-12-09T05:15:09.663837Z,2025-12-09T05:17:31.663837Z,Active Energy Import,1,kWh,1,1.611522914905591
1,cb345846-7a9d-4e68-ac49-ff10ea7e597c,noisy-civet-wise-wolf-ea,2025-12-09T23:52:45.663837Z,2025-12-10T00:52:45.663837Z,2025-12-10T00:57:37.663837Z,Active Energy Import,1,kWh,1,2.694886448336452
13,35c0fc0d-02da-498c-a6b5-43f530bd6f6d,grinning-dinosaur-romant,2025-12-08T17:41:22.663837Z,2025-12-08T18:41:22.663837Z,2025-12-08T18:44:34.663837Z,Active Power,2,kW,2,5.30852373702785
24,cbe7b26e-e5ec-43c8-9cc3-2a2839ce2152,amazing-macaque-sturdy-d,2025-12-10T05:08:32.663837Z,2025-12-10T06:08:32.663837Z,2025-12-10T06:11:05.663837Z,Voltage,3,V,3,245.06972671671693
2,b4d8a596-2928-4ad7-b979-0355d497e87a,impossible-guppy-purple,2025-12-10T02:03:12.663837Z,2025-12-10T03:03:12.663837Z,2025-12-10T03:06:41.663837Z,Active Energy Import,1,kWh,1,4.975746783304473
23,7ea2dc57-340e-4c75-a338-d5230c677f7e,manipulative-nautilus-ac,2025-12-10T05:08:27.663837Z,2025-12-10T06:08:27.663837Z,2025-12-10T06:12:27.663837Z,Current,4,A,4,36.48496643696041
24,cbe7b26e-e5ec-43c8-9cc3-2a2839ce2152,amazing-macaque-sturdy-d,2025-12-10T06:08:32.663837Z,2025-12-10T07:08:32.663837Z,2025-12-10T07:08:41.663837Z,Voltage,3,V,3,221.93568842648324
2,b4d8a596-2928-4ad7-b979-0355d497e87a,impossible-guppy-purple,2025-12-09T17:03:12.663837Z,2025-12-09T18:03:12.663837Z,2025-12-09T18:03:57.663837Z,Active Energy Import,1,kWh,1,0.4282672603393939
14,51d4a3f0-bdeb-45b4-8d92-c2f412fbb544,jasper-quetzal-chubby-pa,2025-12-10T04:04:16.663837Z,2025-12-10T05:04:16.663837Z,2025-12-10T05:06:41.663837Z,Active Power,2,kW,2,6.243174942812079
2,b4d8a596-2928-4ad7-b979-0355d497e87a,impossible-guppy-purple,2025-12-09T21:03:12.663837Z,2025-12-09T22:03:12.663837Z,2025-12-09T22:07:58.663837Z,Active Energy Import,1,kWh,1,0.8256347948706383
18,407833b8-9e2c-4a0f-a9fa-0787b87cc227,solid-pigeon-versatile-f,2025-12-10T10:54:04.663837Z,2025-12-10T11:54:04.663837Z,2025-12-10T11:56:52.663837Z,Active Power,2,kW,2,9.308259047499531
9,c3ec0f1e-faa7-4604-8728-02ffbd377578,enlightened-hippo-infrar,2025-12-10T05:51:48.663837Z,2025-12-10T06:51:48.663837Z,2025-12-10T06:51:54.663837Z,Current,4,A,4,16.340702906401066
11,ad41d5b8-7705-43b9-a904-94c6b4dc9e5c,vehement-cuscus-dazzling,2025-12-10T05:28:34.663837Z,2025-12-10T06:28:34.663837Z,2025-12-10T06:30:54.663837Z,Active Energy Import,1,kWh,1,1.6928061702571584
2,b4d8a596-2928-4ad7-b979-0355d497e87a,impossible-guppy-purple,2025-12-09T02:03:12.663837Z,2025-12-09T03:03:12.663837Z,2025-12-09T03:06:11.663837Z,Active Energy Import,1,kWh,1,0.5577608679793822
2,b4d8a596-2928-4ad7-b979-0355d497e87a,impossible-guppy-purple,2025-12-10T06:03:12.663837Z,2025-12-10T07:03:12.663837Z,2025-12-10T07:06:10.663837Z,Active Energy Import,1,kWh,1,0.1051713000352944
15,901c7b14-f438-4763-9a4b-839e5ae0ef47,quirky-nightingale-succe,2025-12-09T23:07:54.663837Z,2025-12-10T00:07:54.663837Z,2025-12-10T00:12:30.663837Z,Active Energy Import,1,kWh,1,1.0756644001675548
6,dc3631b9-1f85-4689-bd12-5c399dcc05d6,beryl-dormouse-rich-phea,2025-12-09T20:05:53.663837Z,2025-12-09T21:05:53.663837Z,2025-12-09T21:07:19.663837Z,Active Power,2,kW,2,7.436554421595849
20,58f98d07-ed02-4afb-afca-285914108982,sandy-dugong-just-squirr,2025-12-08T19:31:40.663837Z,2025-12-08T20:31:40.663837Z,2025-12-08T20:34:53.663837Z,Voltage,3,V,3,227.47805532499746
1,cb345846-7a9d-4e68-ac49-ff10ea7e597c,noisy-civet-wise-wolf-ea,2025-12-08T18:52:45.663837Z,2025-12-08T19:52:45.663837Z,2025-12-08T19:55:46.663837Z,Active Energy Import,1,kWh,1,3.0186301568344556
21,f6fdc037-53d7-4d3e-b26e-487c7210c280,vague-dugong-vagabond-ge,2025-12-10T09:59:27.663837Z,2025-12-10T10:59:27.663837Z,2025-12-10T11:02:24.663837Z,Active Energy Import,1,kWh,1,4.212650020566945
7,7ec388ab-ef57-4cd0-8166-24bca0f9352d,winged-chital-fascinatin,2025-12-09T15:58:24.663837Z,2025-12-09T16:58:24.663837Z,2025-12-09T16:59:10.663837Z,Active Energy Import,1,kWh,1,2.351534181065235
11,ad41d5b8-7705-43b9-a904-94c6b4dc9e5c,vehement-cuscus-dazzling,2025-12-09T01:28:34.663837Z,2025-12-09T02:28:34.663837Z,2025-12-09T02:30:58.663837Z,Active Energy Import,1,kWh,1,2.0774517146767653
1,cb345846-7a9d-4e68-ac49-ff10ea7e597c,noisy-civet-wise-wolf-ea,2025-12-09T13:52:45.663837Z,2025-12-09T14:52:45.663837Z,2025-12-09T14:55:36.663837Z,Active Energy Import,1,kWh,1,4.214259600949048
19,5c53ecb7-c068-4ded-819b-d25b04a961ee,daffodil-eagle-outgoing,2025-12-09T17:38:58.663837Z,2025-12-09T18:38:58.663837Z,2025-12-09T18:43:22.663837Z,Current,4,A,4,22.16607809672782
8,715bd6f9-b0af-42e9-a5ea-d37e23e2c042,ebony-cockle-resourceful,2025-12-10T02:15:09.663837Z,2025-12-10T03:15:09.663837Z,2025-12-10T03:19:06.663837Z,Active Energy Import,1,kWh,1,1.3545821348809817
21,f6fdc037-53d7-4d3e-b26e-487c7210c280,vague-dugong-vagabond-ge,2025-12-09T23:59:27.663837Z,2025-12-10T00:59:27.663837Z,2025-12-10T01:03:57.663837Z,Active Energy Import,1,kWh,1,0.7650773340510031
18,407833b8-9e2c-4a0f-a9fa-0787b87cc227,solid-pigeon-versatile-f,2025-12-09T05:54:04.663837Z,2025-12-09T06:54:04.663837Z,2025-12-09T06:55:27.663837Z,Active Power,2,kW,2,1.622472120884505
12,6b744945-305e-450c-9bb8-55708a02b43b,delightful-numbat-therap,2025-12-10T02:19:21.663837Z,2025-12-10T03:19:21.663837Z,2025-12-10T03:21:23.663837Z,Active Energy Import,1,kWh,1,3.03532499082133
15,901c7b14-f438-4763-9a4b-839e5ae0ef47,quirky-nightingale-succe,2025-12-09T03:07:54.663837Z,2025-12-09T04:07:54.663837Z,2025-12-09T04:12:46.663837Z,Active Energy Import,1,kWh,1,2.8084169078486405
2,b4d8a596-2928-4ad7-b979-0355d497e87a,impossible-guppy-purple,2025-12-09T15:03:12.663837Z,2025-12-09T16:03:12.663837Z,2025-12-09T16:05:54.663837Z,Active Energy Import,1,kWh,1,1.197261551690294
15,901c7b14-f438-4763-9a4b-839e5ae0ef47,quirky-nightingale-succe,2025-12-09T08:07:54.663837Z,2025-12-09T09:07:54.663837Z,2025-12-09T09:12:54.663837Z,Active Energy Import,1,kWh,1,2.5370627348400205
12,6b744945-305e-450c-9bb8-55708a02b43b,delightful-numbat-therap,2025-12-09T20:19:21.663837Z,2025-12-09T21:19:21.663837Z,2025-12-09T21:21:57.663837Z,Active Energy Import,1,kWh,1,0.10969798929782504
11,ad41d5b8-7705-43b9-a904-94c6b4dc9e5c,vehement-cuscus-dazzling,2025-12-09T21:28:34.663837Z,2025-12-09T22:28:34.663837Z,2025-12-09T22:31:54.663837Z,Active Energy Import,1,kWh,1,1.9303937624549117
14,51d4a3f0-bdeb-45b4-8d92-c2f412fbb544,jasper-quetzal-chubby-pa,2025-12-08T23:04:16.663837Z,2025-12-09T00:04:16.663837Z,2025-12-09T00:05:25.663837Z,Active Power,2,kW,2,7.869780999763158
4,c8a8e73a-b416-494e-94e1-7491b26841fe,classic-swallow-hallowed,2025-12-09T13:33:57.663837Z,2025-12-09T14:33:57.663837Z,2025-12-09T14:34:55.663837Z,Active Power,2,kW,2,9.389300039271038
12,6b744945-305e-450c-9bb8-55708a02b43b,delightful-numbat-therap,2025-12-09T17:19:21.663837Z,2025-12-09T18:19:21.663837Z,2025-12-09T18:23:33.663837Z,Active Energy Import,1,kWh,1,0.5332663371118046
2,b4d8a596-2928-4ad7-b979-0355d497e87a,impossible-guppy-purple,2025-12-09T12:03:12.663837Z,2025-12-09T13:03:12.663837Z,2025-12-09T13:07:48.663837Z,Active Energy Import,1,kWh,1,4.5924674719785115
21,f6fdc037-53d7-4d3e-b26e-487c7210c280,vague-dugong-vagabond-ge,2025-12-10T01:59:27.663837Z,2025-12-10T02:59:27.663837Z,2025-12-10T03:01:27.663837Z,Active Energy Import,1,kWh,1,1.7301154117093653
12,6b744945-305e-450c-9bb8-55708a02b43b,delightful-numbat-therap,2025-12-09T09:19:21.663837Z,2025-12-09T10:19:21.663837Z,2025-12-09T10:19:30.663837Z,Active Energy Import,1,kWh,1,4.494542658501605
14,51d4a3f0-bdeb-45b4-8d92-c2f412fbb544,jasper-quetzal-chubby-pa,2025-12-08T20:04:16.663837Z,2025-12-08T21:04:16.663837Z,2025-12-08T21:06:09.663837Z,Active Power,2,kW,2,6.417044672332176
24,cbe7b26e-e5ec-43c8-9cc3-2a2839ce2152,amazing-macaque-sturdy-d,2025-12-08T17:08:32.663837Z,2025-12-08T18:08:32.663837Z,2025-12-08T18:11:09.663837Z,Voltage,3,V,3,240.84697076350574
3,1dc76f88-c58c-41ed-930f-80249b26f147,skilled-mouse-married-pe,2025-12-09T07:07:06.663837Z,2025-12-09T08:07:06.663837Z,2025-12-09T08:08:22.663837Z,Voltage,3,V,3,226.87526559337616
13,35c0fc0d-02da-498c-a6b5-43f530bd6f6d,grinning-dinosaur-romant,2025-12-09T10:41:22.663837Z,2025-12-09T11:41:22.663837Z,2025-12-09T11:46:14.663837Z,Active Power,2,kW,2,3.280062818173759
15,901c7b14-f438-4763-9a4b-839e5ae0ef47,quirky-nightingale-succe,2025-12-10T04:07:54.663837Z,2025-12-10T05:07:54.663837Z,2025-12-10T05:08:25.663837Z,Active Energy Import,1,kWh,1,0.7778995170224418
19,5c53ecb7-c068-4ded-819b-d25b04a961ee,daffodil-eagle-outgoing,2025-12-09T11:38:58.663837Z,2025-12-09T12:38:58.663837Z,2025-12-09T12:39:03.663837Z,Current,4,A,4,24.592383311038027
6,dc3631b9-1f85-4689-bd12-5c399dcc05d6,beryl-dormouse-rich-phea,2025-12-09T07:05:53.663837Z,2025-12-09T08:05:53.663837Z,2025-12-09T08:09:14.663837Z,Active Power,2,kW,2,4.943771690104369
18,407833b8-9e2c-4a0f-a9fa-0787b87cc227,solid-pigeon-versatile-f,2025-12-09T13:54:04.663837Z,2025-12-09T14:54:04.663837Z,2025-12-09T14:55:48.663837Z,Active Power,2,kW,2,3.678409582250328
